id,rain_sum (mm)
0,0.08034990727901459
1,0.16284598410129547
2,0.08112578094005585
3,0.0
4,0.0
5,0.0
6,0.0
7,0.0
8,1.0063745975494385
9,0.0
10,0.0
11,0.0
12,0.15891079604625702
13,0.0
14,0.11200384795665741
15,0.0
16,0.0
17,0.0
18,0.6429992914199829
19,1.2076925039291382
20,0.5334082245826721
21,0.658634603023529
22,0.7709605097770691
23,0.0
24,0.0
25,0.0
26,0.0
27,0.0
28,0.0
29,0.0
30,0.0
31,0.0
32,1.4428327083587646
33,0.0
34,0.9707865118980408
35,0.0
36,0.06354241073131561
37,0.0
38,0.0
39,0.0
40,0.0
41,7.133791446685791
42,2.49025297164917
43,2.7047228813171387
44,0.3793352246284485
45,1.0087336301803589
46,0.11602990329265594
47,0.0
48,0.025628134608268738
49,0.0
50,1.0243836641311646
51,0.0
52,0.0
53,0.0
54,0.0
55,0.8056938052177429
56,0.0
57,0.0
58,0.0
59,0.0
60,0.17446045577526093
61,0.37710148096084595
62,0.4258906841278076
63,0.4518141746520996
64,0.0
65,0.14335601031780243
66,0.0
67,0.22215799987316132
68,0.27216535806655884
69,0.36446911096572876
70,0.7005943059921265
71,0.0
72,0.0
73,0.0
74,0.0
75,0.0
76,0.3796379566192627
77,1.6809395551681519
78,0.0
79,1.1626646518707275
80,0.16194109618663788
81,0.21412234008312225
82,0.0
83,0.0
84,6.938389301300049
85,0.28621238470077515
86,0.0
87,0.05766324698925018
88,0.0
89,6.522216796875
90,3.096850872039795
91,0.31400853395462036
92,0.0
93,10.237635612487793
94,0.0
95,0.0
96,0.0
97,0.0
98,0.0
99,9.699699401855469
100,11.178601264953613
101,4.456398010253906
102,7.454655647277832
103,34.73102569580078
104,9.705309867858887
105,0.24706648290157318
106,0.0
107,0.0
108,54.72156524658203
109,0.0
110,0.0
111,4.369176864624023
112,3.6793694496154785
113,4.642644882202148
114,3.2980122566223145
115,8.348515510559082
116,17.542917251586914
117,1.9793052673339844
118,6.094804286956787
119,6.522228240966797
120,3.4510252475738525
121,5.724795341491699
122,17.324810028076172
123,11.086566925048828
124,11.38476848602295
125,1.3308119773864746
126,0.0
127,3.3722312450408936
128,3.848273754119873
129,2.817392349243164
130,1.1857177019119263
131,2.0470778942108154
132,0.11561958491802216
133,9.910080909729004
134,12.436674118041992
135,6.021141052246094
136,0.6268458366394043
137,0.0
138,15.164100646972656
139,24.894899368286133
140,0.0
141,0.0
142,0.0
143,0.0
144,0.0
145,3.952596664428711
146,0.0
147,1.633193850517273
148,3.7077088356018066
149,7.341708183288574
150,6.994565010070801
151,7.980700969696045
152,0.0
153,0.0
154,0.0
155,0.0
156,0.0
157,0.3977363109588623
158,1.6493085622787476
159,0.0
160,15.207083702087402
161,19.19525909423828
162,10.231561660766602
163,4.246815204620361
164,4.4474945068359375
165,9.03070068359375
166,9.617313385009766
167,13.357320785522461
168,9.796208381652832
169,37.117042541503906
170,0.22544674575328827
171,5.485952854156494
172,0.0
173,0.0
174,0.0
175,0.0
176,0.0
177,1.5144449472427368
178,5.7156662940979
179,7.251291751861572
180,7.754824161529541
181,3.809454917907715
182,2.0762550830841064
183,2.359034538269043
184,0.6328269243240356
185,9.774078369140625
186,10.60842514038086
187,18.434314727783203
188,3.194096565246582
189,6.866339683532715
190,11.912115097045898
191,18.1877498626709
192,20.431394577026367
193,12.6702241897583
194,4.539916515350342
195,6.6759114265441895
196,4.7528395652771
197,13.598763465881348
198,17.87117576599121
199,0.3616126775741577
200,10.109162330627441
201,3.9842710494995117
202,3.5721144676208496
203,0.32760947942733765
204,0.0
205,2.4626388549804688
206,8.36288070678711
207,5.421962738037109
208,9.193488121032715
209,13.952744483947754
210,7.660126209259033
211,1.6124933958053589
212,0.7336907982826233
213,0.7029987573623657
214,6.508420467376709
215,3.752371072769165
216,8.692749977111816
217,11.335227966308594
218,3.1663014888763428
219,18.66982078552246
220,10.666035652160645
221,0.0
222,0.0
223,0.060678258538246155
224,5.716878414154053
225,0.0
226,0.30068647861480713
227,1.152351975440979
228,3.147563934326172
229,11.111085891723633
230,14.047682762145996
231,2.795419216156006
232,0.0054456740617752075
233,0.0
234,3.0164501667022705
235,0.0
236,0.0
237,2.846142530441284
238,2.200861692428589
239,0.7835894227027893
240,1.7557017803192139
241,0.0
242,1.629122257232666
243,1.8280882835388184
244,0.0
245,0.3862289786338806
246,0.679655909538269
247,0.0
248,0.0
249,0.47818201780319214
250,0.0
251,0.0
252,0.0
253,0.0
254,0.0
255,0.0
256,0.0
257,8.50527572631836
258,31.16005516052246
259,10.76853084564209
260,5.44133996963501
261,0.0
262,0.0
263,0.15208323299884796
264,0.5853511691093445
265,5.052731037139893
266,6.404092311859131
267,5.789903163909912
268,2.617776870727539
269,5.110102653503418
270,3.6500706672668457
271,0.0
272,0.0
273,0.0
274,0.0
275,0.22016768157482147
276,0.0
277,2.019125461578369
278,23.325178146362305
279,10.157774925231934
280,4.950709342956543
281,4.797203540802002
282,1.5360772609710693
283,4.333444118499756
284,2.0499114990234375
285,2.083266496658325
286,3.784778118133545
287,7.2043538093566895
288,6.852856159210205
289,7.158798694610596
290,8.331765174865723
291,0.75958651304245
292,0.0
293,1.8088653087615967
294,3.78948974609375
295,16.645095825195312
296,8.014237403869629
297,2.786055088043213
298,2.538411855697632
299,2.899897813796997
300,1.8194053173065186
301,8.730264663696289
302,1.9570858478546143
303,0.0
304,1.79256272315979
305,6.462360382080078
306,3.2098770141601562
307,2.8229339122772217
308,4.310310363769531
309,0.0
310,5.031705379486084
311,2.2851109504699707
312,2.709939956665039
313,7.639683246612549
314,7.401602745056152
315,5.661705493927002
316,2.9427547454833984
317,5.302066326141357
318,1.4465340375900269
319,3.826155185699463
320,2.237513542175293
321,0.01668064296245575
322,0.0
323,0.0
324,0.0
325,0.5874680876731873
326,4.715043544769287
327,1.987626075744629
328,0.0
329,0.0
330,0.0
331,0.0
332,0.0
333,1.8416495323181152
334,2.0226845741271973
335,3.6290342807769775
336,13.51697063446045
337,0.4526258111000061
338,0.5710349082946777
339,0.07015858590602875
340,0.0
341,2.5171828269958496
342,0.0
343,2.520987033843994
344,1.3723832368850708
345,0.0
346,0.6836786866188049
347,0.4837796688079834
348,0.0
349,0.6850419640541077
350,0.1769602745771408
351,1.398210048675537
352,0.68016517162323
353,0.0
354,0.9434850811958313
355,1.517911434173584
356,0.0
357,0.9102030396461487
358,0.0
359,0.0
360,0.6002011299133301
361,0.0
362,0.0
363,1.0009552240371704
364,0.0
365,0.0
366,0.05393080413341522
367,0.8193346858024597
368,0.23732922971248627
369,1.0224053859710693
370,0.7198997139930725
371,0.01895098388195038
372,0.603248655796051
373,1.1658653020858765
374,0.3661872148513794
375,3.1061558723449707
376,0.6875337362289429
377,0.250433087348938
378,0.0
379,0.221283957362175
380,0.0
381,0.12789206206798553
382,0.0
383,0.0
384,0.0
385,0.0
386,0.0
387,0.0
388,0.42926639318466187
389,0.47648298740386963
390,0.0
391,0.0
392,0.029320016503334045
393,0.0
394,0.0
395,0.5102366209030151
396,0.0
397,0.0
398,0.17447809875011444
399,0.0
400,0.9437956213951111
401,0.0
402,0.0
403,0.7627303004264832
404,0.0
405,0.0
406,0.30982786417007446
407,0.019112631678581238
408,1.8475332260131836
409,0.0
410,0.0
411,0.0
412,1.675124168395996
413,0.4145527482032776
414,0.0
415,0.0
416,0.0
417,0.0
418,0.22122006118297577
419,0.0
420,0.0
421,0.0
422,8.60266399383545
423,0.5279232263565063
424,0.07040868699550629
425,1.5930848121643066
426,0.8722532391548157
427,0.0
428,0.0
429,0.9029166102409363
430,0.0
431,0.0
432,0.0
433,1.5910950899124146
434,0.5721938610076904
435,0.0
436,0.11706207692623138
437,0.7630762457847595
438,0.0
439,10.375532150268555
440,7.695717811584473
441,4.7610979080200195
442,10.702051162719727
443,0.0
444,1.6541599035263062
445,2.6104822158813477
446,6.719518661499023
447,17.005584716796875
448,4.049997806549072
449,0.58980792760849
450,0.0
451,1.103074550628662
452,0.7648211121559143
453,0.0
454,0.6341683864593506
455,0.6854457855224609
456,0.0
457,0.0
458,0.9646123051643372
459,2.968170642852783
460,1.2338975667953491
461,12.91975212097168
462,0.0
463,0.0
464,7.810470104217529
465,8.687278747558594
466,10.105132102966309
467,12.530396461486816
468,17.350536346435547
469,0.0
470,1.6926953792572021
471,10.438007354736328
472,0.0
473,0.168376162648201
474,0.13689790666103363
475,2.9370296001434326
476,4.849104881286621
477,11.796224594116211
478,9.309141159057617
479,14.390328407287598
480,1.2229864597320557
481,3.8406076431274414
482,2.2733047008514404
483,0.2798091769218445
484,3.0244646072387695
485,0.09457747638225555
486,0.0
487,6.556555271148682
488,1.8772525787353516
489,0.0
490,0.7098421454429626
491,0.0
492,0.9420369267463684
493,0.9102938771247864
494,0.04090858995914459
495,0.0
496,0.0
497,0.0
498,4.842051982879639
499,0.0
500,0.0
501,0.7665885090827942
502,0.08703769743442535
503,0.0
504,7.1893134117126465
505,1.3746200799942017
506,1.2007427215576172
507,1.219092607498169
508,0.0
509,0.0
510,0.0
511,2.0421698093414307
512,4.774679183959961
513,0.0
514,0.0
515,1.7781078815460205
516,0.7817261815071106
517,0.5204463601112366
518,0.0
519,0.0
520,0.0
521,0.7687047123908997
522,0.0
523,0.0
524,0.0
525,0.0
526,0.30818331241607666
527,0.0
528,0.0
529,0.0
530,0.0
531,0.0
532,0.0
533,0.03352688252925873
534,0.0
535,0.0
536,0.0
537,0.12448553740978241
538,0.0
539,0.0904037207365036
540,1.0149890184402466
541,0.3578677773475647
542,0.0
543,0.5518574118614197
544,1.1923872232437134
545,7.724498271942139
546,12.728062629699707
547,1.6818416118621826
548,5.108448028564453
549,2.1588826179504395
550,1.7187045812606812
551,0.18609146773815155
552,0.4469359517097473
553,0.03456906974315643
554,2.0079381465911865
555,1.3302512168884277
556,3.2471723556518555
557,2.657956600189209
558,1.6124240159988403
559,1.1393694877624512
560,0.9356532692909241
561,0.0
562,0.28124409914016724
563,0.0
564,0.0
565,0.6070166230201721
566,0.0
567,0.17014889419078827
568,0.0
569,0.0
570,0.0
571,0.0
572,0.0
573,0.0
574,0.0
575,0.0
576,0.0
577,0.5288397669792175
578,0.0661652535200119
579,0.04242424666881561
580,2.2993764877319336
581,2.9422993659973145
582,2.7337656021118164
583,0.6715913414955139
584,0.7287006974220276
585,0.40731197595596313
586,0.0
587,0.4346185326576233
588,0.0
589,1.0446734428405762
590,5.270496845245361
591,2.294288396835327
592,1.3755995035171509
593,4.339841365814209
594,6.5739874839782715
595,12.429462432861328
596,5.934674263000488
597,1.4800868034362793
598,3.2156293392181396
599,5.400962829589844
600,3.9066648483276367
601,0.13059858977794647
602,3.4453721046447754
603,3.6373214721679688
604,5.423506736755371
605,15.511919975280762
606,12.706365585327148
607,1.7078747749328613
608,9.08470630645752
609,2.9792640209198
610,19.14278221130371
611,6.2317399978637695
612,5.049956321716309
613,1.6264876127243042
614,33.25981903076172
615,2.8142528533935547
616,3.691027879714966
617,6.058152675628662
618,13.224254608154297
619,4.089012622833252
620,9.113845825195312
621,1.3022464513778687
622,56.10063552856445
623,14.283270835876465
624,15.72439956665039
625,19.661035537719727
626,4.415134429931641
627,4.8047308921813965
628,2.6484806537628174
629,20.319395065307617
630,2.9814743995666504
631,0.5325132012367249
632,1.9230141639709473
633,3.684922695159912
634,3.677255630493164
635,3.7848496437072754
636,6.559391975402832
637,6.870662212371826
638,21.28106117248535
639,11.656379699707031
640,4.301335334777832
641,1.1505675315856934
642,0.0
643,8.387044906616211
644,16.767976760864258
645,4.499114513397217
646,4.4928131103515625
647,3.5523319244384766
648,1.3126744031906128
649,0.0
650,2.629706382751465
651,4.483063220977783
652,6.6548919677734375
653,0.0
654,0.0
655,13.615767478942871
656,9.528564453125
657,3.7585816383361816
658,7.402647495269775
659,3.0657811164855957
660,2.17668080329895
661,1.6393940448760986
662,4.436120986938477
663,5.785015106201172
664,20.720170974731445
665,8.939390182495117
666,2.590996742248535
667,0.0
668,1.5224498510360718
669,6.2270965576171875
670,6.14508056640625
671,33.16343307495117
672,18.186399459838867
673,22.172138214111328
674,0.7253414988517761
675,0.0
676,2.4050209522247314
677,1.7837178707122803
678,2.327448606491089
679,5.44025993347168
680,0.0
681,0.0
682,0.9519640803337097
683,0.0
684,0.0
685,3.706723928451538
686,0.8517008423805237
687,2.1631181240081787
688,1.0368191003799438
689,2.0830841064453125
690,4.100602149963379
691,9.727670669555664
692,6.894413471221924
693,2.7405803203582764
694,7.065070152282715
695,11.152932167053223
696,18.70470428466797
697,17.203075408935547
698,42.72537612915039
699,8.690945625305176
700,7.635677337646484
701,7.018945217132568
702,7.9482598304748535
703,4.965162754058838
704,4.756284713745117
705,18.027544021606445
706,0.0
707,0.0
708,5.143510818481445
709,4.677788257598877
710,8.422060012817383
711,2.3764331340789795
712,4.199899673461914
713,3.205155849456787
714,1.5173661708831787
715,3.222155809402466
716,3.1666548252105713
717,3.188930034637451
718,6.771996021270752
719,4.023566722869873
720,16.521728515625
721,8.992374420166016
722,16.247312545776367
723,4.479938983917236
724,2.958904981613159
725,6.3854146003723145
726,7.0255656242370605
727,6.279575824737549
728,3.5889525413513184
729,9.111431121826172
730,4.360215187072754
731,7.8917460441589355
732,18.15123748779297
733,10.968457221984863
734,3.486253023147583
735,3.4553325176239014
736,6.084778785705566
737,7.220669269561768
738,6.994615077972412
739,0.0
740,0.0
741,0.0
742,2.3783681392669678
743,7.259607791900635
744,9.377185821533203
745,5.87689733505249
746,1.4170444011688232
747,0.0
748,2.843792676925659
749,0.7362859845161438
750,0.5502626895904541
751,2.2590651512145996
752,3.19929838180542
753,1.4987674951553345
754,0.0
755,0.33483535051345825
756,0.11212258040904999
757,2.4203171730041504
758,9.871628761291504
759,2.7099547386169434
760,10.791399955749512
761,21.534717559814453
762,25.034427642822266
763,6.359582424163818
764,2.016516923904419
765,3.9601359367370605
766,4.3328938484191895
767,1.9878947734832764
768,0.0
769,0.0
770,6.5758585929870605
771,3.2579236030578613
772,1.7801318168640137
773,4.811178684234619
774,1.92856764793396
775,4.091941833496094
776,0.8372209668159485
777,6.080452919006348
778,4.013707160949707
779,3.06398606300354
780,18.396821975708008
781,8.74515151977539
782,7.973794460296631
783,6.653239727020264
784,5.735515117645264
785,0.36631453037261963
786,1.8420794010162354
787,0.55537348985672
788,9.725690841674805
789,11.640117645263672
790,9.959007263183594
791,17.59803009033203
792,3.547400951385498
793,0.0
794,0.0
795,0.9719077944755554
796,14.622024536132812
797,12.069597244262695
798,5.7491912841796875
799,2.4440441131591797
800,0.0242931991815567
801,0.3175053596496582
802,10.056129455566406
803,0.66985684633255
804,1.7300735712051392
805,4.673859119415283
806,9.038230895996094
807,5.780410289764404
808,2.1080679893493652
809,4.998005390167236
810,9.684181213378906
811,7.381312370300293
812,4.800796985626221
813,16.183589935302734
814,9.686920166015625
815,8.694050788879395
816,3.486504077911377
817,6.402695178985596
818,5.917672157287598
819,1.4700686931610107
820,2.722383737564087
821,2.823765277862549
822,0.0
823,0.0
824,2.3135228157043457
825,2.4260401725769043
826,10.508130073547363
827,6.798671722412109
828,1.5801668167114258
829,0.7121144533157349
830,0.0
831,1.9693684577941895
832,5.078384876251221
833,5.741857528686523
834,6.695222854614258
835,3.6419625282287598
836,3.917287826538086
837,6.746339797973633
838,1.0560790300369263
839,0.0
840,0.08162607252597809
841,1.664262294769287
842,8.800704956054688
843,0.7898672223091125
844,5.5131306648254395
845,0.36765211820602417
846,0.20233310759067535
847,0.0
848,1.3047633171081543
849,2.7552759647369385
850,1.797177791595459
851,0.5656276345252991
852,0.459755539894104
853,0.9446077942848206
854,0.3875024914741516
855,0.0
856,1.3847476243972778
857,0.0
858,0.0
859,0.07475151121616364
860,0.0
861,1.2580974102020264
862,0.0
863,0.0
864,5.610266208648682
865,0.7138880491256714
866,0.0
867,0.0
868,0.0
869,1.2455244064331055
870,0.5410184264183044
871,0.0
872,2.5215492248535156
873,2.1373238563537598
874,3.8453617095947266
875,7.7897515296936035
876,6.890415668487549
877,4.396738529205322
878,1.170442819595337
879,0.8889239430427551
880,1.241167664527893
881,0.0
882,0.0
883,0.0
884,0.0
885,0.0
886,0.8230915665626526
887,0.3029261827468872
888,0.8395039439201355
889,0.53260737657547
890,0.0
891,0.0
892,0.8146076798439026
893,1.736885666847229
894,0.027402445673942566
895,0.0
896,0.19063006341457367
897,1.109840989112854
898,1.6314395666122437
899,2.1962151527404785
900,4.006833553314209
901,0.7496968507766724
902,5.773336410522461
903,5.255207061767578
904,2.622608184814453
905,1.7138363122940063
906,0.0
907,0.0
908,0.0
909,0.0
910,1.1032333374023438
911,0.7672520279884338
912,0.5884112119674683
913,0.33462780714035034
914,1.7686898708343506
915,0.0
916,1.6019690036773682
917,0.0
918,0.0
919,0.3371148705482483
920,0.0
921,0.18592409789562225
922,1.6340104341506958
923,1.729443073272705
924,5.556608200073242
925,6.220904350280762
926,5.041049003601074
927,8.091633796691895
928,5.028797626495361
929,10.918606758117676
930,3.900019645690918
931,5.794863700866699
932,5.430173397064209
933,0.5895952582359314
934,4.391204833984375
935,4.682758808135986
936,0.392691433429718
937,3.505606174468994
938,3.0804636478424072
939,2.5439395904541016
940,2.089949369430542
941,41.531612396240234
942,15.104337692260742
943,3.590841054916382
944,7.871488094329834
945,4.209822177886963
946,4.195249080657959
947,7.201109409332275
948,2.5706520080566406
949,13.120203971862793
950,0.8074790835380554
951,0.4273119568824768
952,0.695231020450592
953,1.3475689888000488
954,0.3202577233314514
955,1.979975938796997
956,1.241513729095459
957,4.352639675140381
958,2.8214046955108643
959,5.078291893005371
960,0.0
961,4.100728511810303
962,7.493980407714844
963,7.434878826141357
964,3.167034387588501
965,0.0
966,3.08042311668396
967,1.5144717693328857
968,14.9913911819458
969,4.715263366699219
970,21.19005012512207
971,3.4320240020751953
972,2.211522102355957
973,6.134821891784668
974,1.3099982738494873
975,12.00273609161377
976,4.432554244995117
977,3.83273983001709
978,9.48628044128418
979,3.709249973297119
980,10.870344161987305
981,4.412418842315674
982,1.899855136871338
983,1.6937626600265503
984,4.478713512420654
985,3.685096263885498
986,6.0891876220703125
987,2.1322131156921387
988,1.3887405395507812
989,0.44870859384536743
990,0.9530606865882874
991,1.8920927047729492
992,2.4144046306610107
993,2.382096290588379
994,1.9724974632263184
995,6.659489154815674
996,4.338371276855469
997,7.922970294952393
998,12.716036796569824
999,2.7052667140960693
1000,2.0937843322753906
1001,0.48153215646743774
1002,2.980832576751709
1003,11.149707794189453
1004,7.56147575378418
1005,6.403726577758789
1006,1.9215888977050781
1007,1.477177619934082
1008,4.421820640563965
1009,3.4974982738494873
1010,1.2329785823822021
1011,2.34541654586792
1012,0.42469561100006104
1013,0.29895657300949097
1014,3.3871591091156006
1015,1.9966979026794434
1016,1.3908253908157349
1017,0.13733582198619843
1018,0.23300494253635406
1019,1.0845073461532593
1020,0.03999333083629608
1021,0.4134495258331299
1022,4.264012813568115
1023,1.1394219398498535
1024,1.9596788883209229
1025,2.9534873962402344
1026,0.8297790884971619
1027,0.0
1028,0.006333276629447937
1029,2.1021523475646973
1030,1.1153686046600342
1031,1.2753089666366577
1032,3.7567877769470215
1033,0.0
1034,0.0
1035,0.3272491693496704
1036,2.7650039196014404
1037,10.042567253112793
1038,0.9305391907691956
1039,1.7795414924621582
1040,3.8826889991760254
1041,0.0
1042,1.2659776210784912
1043,5.00853157043457
1044,7.2163310050964355
1045,32.44538879394531
1046,8.979578971862793
1047,2.798912286758423
1048,6.719061374664307
1049,4.597359657287598
1050,0.6787553429603577
1051,1.7571544647216797
1052,0.23550371825695038
1053,2.6025071144104004
1054,7.272329330444336
1055,2.956836223602295
1056,3.259671449661255
1057,10.385238647460938
1058,2.818330764770508
1059,0.24533025920391083
1060,0.53614741563797
1061,0.8230589032173157
1062,2.0441269874572754
1063,2.525998830795288
1064,3.9974517822265625
1065,1.919982671737671
1066,2.1005306243896484
1067,1.1419981718063354
1068,4.22931432723999
1069,1.073930263519287
1070,0.19979099929332733
1071,1.3267812728881836
1072,1.0366876125335693
1073,2.8314621448516846
1074,1.5685118436813354
1075,0.9973540902137756
1076,0.7247424721717834
1077,2.677050828933716
1078,4.605341911315918
1079,3.544510841369629
1080,5.840490341186523
1081,3.5916671752929688
1082,3.1513776779174805
1083,2.8756167888641357
1084,2.1862502098083496
1085,3.855959415435791
1086,1.3818159103393555
1087,0.29938894510269165
1088,1.2691149711608887
1089,0.6839757561683655
1090,11.637332916259766
1091,3.2560620307922363
1092,7.9325947761535645
1093,10.289782524108887
1094,5.274496078491211
1095,8.868022918701172
1096,12.159422874450684
1097,1.8660922050476074
1098,10.120627403259277
1099,3.7595863342285156
1100,5.084457874298096
1101,1.9707705974578857
1102,3.1810190677642822
1103,8.30728530883789
1104,14.201086044311523
1105,36.05427169799805
1106,9.590625762939453
1107,1.8395462036132812
1108,1.7900402545928955
1109,6.682851791381836
1110,11.442680358886719
1111,8.077665328979492
1112,5.899971961975098
1113,2.8146355152130127
1114,55.36857986450195
1115,7.168624401092529
1116,3.285947799682617
1117,3.78654146194458
1118,11.895553588867188
1119,7.894219875335693
1120,9.658881187438965
1121,7.697869777679443
1122,70.44363403320312
1123,16.869659423828125
1124,16.580169677734375
1125,9.48840618133545
1126,5.987733840942383
1127,7.969666004180908
1128,3.667698860168457
1129,1.9987144470214844
1130,21.311782836914062
1131,3.5132482051849365
1132,0.5797839760780334
1133,0.7158363461494446
1134,3.3398263454437256
1135,5.140326023101807
1136,3.5988283157348633
1137,5.010197162628174
1138,7.091565132141113
1139,8.456064224243164
1140,3.603383779525757
1141,2.452497720718384
1142,9.333063125610352
1143,7.53037691116333
1144,2.792917013168335
1145,2.88187575340271
1146,0.7433439493179321
1147,2.128582000732422
1148,0.7317436933517456
1149,4.925109386444092
1150,7.3551716804504395
1151,5.22196102142334
1152,3.9553990364074707
1153,9.015786170959473
1154,4.2392191886901855
1155,0.0
1156,10.148088455200195
1157,9.230037689208984
1158,16.155000686645508
1159,0.0
1160,0.0
1161,1.0222628116607666
1162,0.5111083388328552
1163,1.1024937629699707
1164,3.580104351043701
1165,12.74769115447998
1166,0.6982800960540771
1167,0.5971342921257019
1168,0.0
1169,0.9627625346183777
1170,1.3625006675720215
1171,17.69630241394043
1172,12.47362995147705
1173,8.135636329650879
1174,2.7078869342803955
1175,9.550183296203613
1176,1.5826616287231445
1177,0.0
1178,0.16793589293956757
1179,0.5867911577224731
1180,9.433584213256836
1181,8.311297416687012
1182,0.0
1183,3.1826083660125732
1184,0.1701217144727707
1185,0.5513315796852112
1186,1.4812560081481934
1187,1.8196821212768555
1188,0.27012884616851807
1189,5.856988906860352
1190,2.6788806915283203
1191,2.2782483100891113
1192,1.394666075706482
1193,5.738540172576904
1194,0.0
1195,6.146490573883057
1196,6.410891056060791
1197,7.507620334625244
1198,30.618419647216797
1199,6.159154891967773
1200,5.795807361602783
1201,5.697373867034912
1202,3.1793742179870605
1203,3.189974546432495
1204,4.641506671905518
1205,47.79130554199219
1206,7.475083827972412
1207,35.000919342041016
1208,3.082840919494629
1209,0.0
1210,1.129817247390747
1211,0.8933938145637512
1212,0.0
1213,0.0
1214,0.0
1215,6.34979772567749
1216,3.960908889770508
1217,8.387930870056152
1218,5.62854528427124
1219,3.636061668395996
1220,8.627967834472656
1221,8.169748306274414
1222,8.567917823791504
1223,3.2234511375427246
1224,3.727982997894287
1225,3.6470510959625244
1226,5.769366264343262
1227,7.520100116729736
1228,2.9257688522338867
1229,6.18321418762207
1230,4.965719223022461
1231,3.583767890930176
1232,6.164218902587891
1233,3.5328433513641357
1234,3.0855016708374023
1235,2.4847464561462402
1236,6.5486979484558105
1237,3.673043727874756
1238,7.3965020179748535
1239,0.0
1240,0.0
1241,0.0
1242,0.1409464329481125
1243,5.891520977020264
1244,6.55994987487793
1245,3.1025140285491943
1246,2.5100834369659424
1247,0.024663254618644714
1248,5.587209224700928
1249,4.806902885437012
1250,1.2053815126419067
1251,1.673097014427185
1252,1.7959258556365967
1253,0.0
1254,0.0
1255,0.7552794814109802
1256,0.0
1257,0.5225883722305298
1258,5.1793646812438965
1259,3.111628532409668
1260,7.934399127960205
1261,38.549686431884766
1262,32.44327163696289
1263,8.725983619689941
1264,7.940182209014893
1265,2.893770694732666
1266,2.4730966091156006
1267,0.7751436829566956
1268,2.264392852783203
1269,1.5256307125091553
1270,5.526669025421143
1271,3.6461293697357178
1272,3.015066146850586
1273,5.06104040145874
1274,0.0
1275,3.11411190032959
1276,1.229299783706665
1277,8.354122161865234
1278,0.8998907208442688
1279,0.6765947937965393
1280,6.883084774017334
1281,3.2893686294555664
1282,1.6208564043045044
1283,0.13216058909893036
1284,6.757643699645996
1285,2.5703299045562744
1286,0.0
1287,0.7326166033744812
1288,0.0
1289,6.2372965812683105
1290,9.73445987701416
1291,6.170748233795166
1292,6.0005059242248535
1293,1.3593602180480957
1294,0.0
1295,0.0
1296,0.23300664126873016
1297,5.857316493988037
1298,16.193876266479492
1299,16.373605728149414
1300,2.9994630813598633
1301,0.9127964377403259
1302,0.13088510930538177
1303,1.947416067123413
1304,13.576803207397461
1305,0.0
1306,1.7530162334442139
1307,2.673140287399292
1308,5.526259899139404
1309,1.3359122276306152
1310,0.0
1311,2.874066114425659
1312,6.293569087982178
1313,4.596766471862793
1314,3.9018077850341797
1315,4.410254955291748
1316,5.20598030090332
1317,2.866231679916382
1318,2.407041072845459
1319,7.262623310089111
1320,10.785026550292969
1321,5.2386088371276855
1322,0.6105549931526184
1323,1.5890531539916992
1324,0.6875014901161194
1325,0.5566372275352478
1326,1.3626172542572021
1327,2.0859720706939697
1328,0.5888338088989258
1329,7.761864185333252
1330,2.4752821922302246
1331,1.2474966049194336
1332,1.3947933912277222
1333,5.768446445465088
1334,4.978529453277588
1335,5.949826240539551
1336,10.30295467376709
1337,3.9699034690856934
1338,0.5971029996871948
1339,3.4347317218780518
1340,0.7367680072784424
1341,0.0
1342,0.9413771033287048
1343,1.2508939504623413
1344,9.128037452697754
1345,2.0863184928894043
1346,4.99613618850708
1347,0.6159290671348572
1348,0.0
1349,0.3839011788368225
1350,2.83630633354187
1351,2.3075621128082275
1352,1.7219024896621704
1353,0.2426091879606247
1354,0.26590102910995483
1355,2.037795066833496
1356,0.4479386806488037
1357,0.0
1358,0.7135276198387146
1359,0.0
1360,0.33936506509780884
1361,0.2016899436712265
1362,2.5456461906433105
1363,2.155364990234375
1364,5.315744400024414
1365,3.7184317111968994
1366,8.143648147583008
1367,5.119723796844482
1368,0.0
1369,0.4492186903953552
1370,7.581399917602539
1371,6.605229377746582
1372,0.8567133545875549
1373,1.1803725957870483
1374,12.305155754089355
1375,2.459181785583496
1376,3.7174172401428223
1377,5.380646228790283
1378,6.395521640777588
1379,1.9710807800292969
1380,3.6823577880859375
1381,0.8082807660102844
1382,1.8314456939697266
1383,0.665708601474762
1384,0.0
1385,0.0
1386,0.530642032623291
1387,0.0
1388,0.0
1389,0.3408922553062439
1390,3.2055678367614746
1391,1.4029616117477417
1392,1.1368554830551147
1393,2.8020739555358887
1394,7.219472408294678
1395,3.189213991165161
1396,0.8552345633506775
1397,1.3854032754898071
1398,5.744925498962402
1399,5.988463401794434
1400,4.299708366394043
1401,3.3359038829803467
1402,2.8683619499206543
1403,3.1431233882904053
1404,9.709016799926758
1405,7.83163595199585
1406,7.891605854034424
1407,3.529784917831421
1408,0.5410379767417908
1409,2.6739118099212646
1410,3.3327832221984863
1411,4.453991413116455
1412,2.917632818222046
1413,3.0809364318847656
1414,5.130323886871338
1415,5.786771774291992
1416,3.545750141143799
1417,2.328805446624756
1418,2.863593578338623
1419,2.6989259719848633
1420,3.1622180938720703
1421,3.4496939182281494
1422,1.330815076828003
1423,1.191224217414856
1424,3.0183653831481934
1425,14.82692813873291
1426,13.099015235900879
1427,8.611451148986816
1428,7.750301837921143
1429,8.269593238830566
1430,3.3137381076812744
1431,10.905760765075684
1432,13.250944137573242
1433,5.597754955291748
1434,5.495808124542236
1435,5.093715667724609
1436,5.186715126037598
1437,5.378217697143555
1438,2.1750948429107666
1439,5.306334972381592
1440,1.933443546295166
1441,6.44818115234375
1442,13.796202659606934
1443,71.02735900878906
1444,29.378257751464844
1445,7.432968616485596
1446,7.29206657409668
1447,5.674900054931641
1448,5.416684627532959
1449,9.884371757507324
1450,11.051595687866211
1451,7.550033092498779
1452,9.222920417785645
1453,1.3491311073303223
1454,0.11728768050670624
1455,1.2245092391967773
1456,1.4632186889648438
1457,0.9390638470649719
1458,2.2798218727111816
1459,3.432023763656616
1460,6.076395511627197
1461,4.991909980773926
1462,6.6815924644470215
1463,5.644466876983643
1464,7.234717845916748
1465,10.890830039978027
1466,4.952342510223389
1467,5.629729747772217
1468,0.36369484663009644
1469,1.7790348529815674
1470,2.0308640003204346
1471,4.087519645690918
1472,7.815036296844482
1473,1.6258656978607178
1474,24.499452590942383
1475,2.50191068649292
1476,2.5319628715515137
1477,3.2201693058013916
1478,5.751363277435303
1479,0.0
1480,14.425884246826172
1481,5.148597240447998
1482,3.704472780227661
1483,3.8319625854492188
1484,14.604050636291504
1485,43.466766357421875
1486,5.002506256103516
1487,1.1331148147583008
1488,0.650489866733551
1489,4.953361511230469
1490,4.284112453460693
1491,7.124523162841797
1492,4.165718078613281
1493,2.036299705505371
1494,2.367309808731079
1495,0.01760701835155487
1496,1.470255732536316
1497,2.744469165802002
1498,2.88887357711792
1499,6.613555908203125
1500,2.949188470840454
1501,9.166563034057617
1502,6.740599632263184
1503,1.6837656497955322
1504,0.6812615990638733
1505,0.0
1506,3.80216646194458
1507,31.51031494140625
1508,0.3013148903846741
1509,0.5187950730323792
1510,0.42974406480789185
1511,0.0
1512,0.4124520421028137
1513,1.4536468982696533
1514,4.213225841522217
1515,7.724830150604248
1516,0.33323174715042114
1517,0.0
1518,0.8423585295677185
1519,0.0
1520,0.0
1521,0.0
1522,0.11760763823986053
1523,0.0
1524,5.0717244148254395
1525,0.0
1526,0.45964956283569336
1527,0.18968729674816132
1528,0.0
1529,0.0
1530,0.0
1531,0.0
1532,0.0
1533,2.4515562057495117
1534,0.6492751836776733
1535,0.8314068913459778
1536,0.46312910318374634
1537,0.7060140371322632
1538,0.19899465143680573
1539,0.0
1540,0.0
1541,1.5761597156524658
1542,3.3169682025909424
1543,0.0
1544,1.491323471069336
1545,1.0174193382263184
1546,0.0
1547,8.009567260742188
1548,6.76862096786499
1549,21.802490234375
1550,0.7937794327735901
1551,0.7480445504188538
1552,0.0
1553,0.0
1554,0.41929131746292114
1555,0.7951932549476624
1556,1.5050313472747803
1557,0.04959063231945038
1558,0.8086114525794983
1559,0.0
1560,0.42776161432266235
1561,2.058150291442871
1562,3.480055809020996
1563,1.1721997261047363
1564,0.7134414315223694
1565,1.2124323844909668
1566,0.0
1567,0.21535257995128632
1568,0.5296009182929993
1569,0.0
1570,0.4912019371986389
1571,0.5170790553092957
1572,0.19199948012828827
1573,1.2051830291748047
1574,0.0
1575,0.0
1576,0.46094805002212524
1577,0.0
1578,0.0
1579,0.0
1580,1.2313485145568848
1581,2.8587262630462646
1582,1.9292263984680176
1583,11.155028343200684
1584,7.577629566192627
1585,2.529254198074341
1586,0.0
1587,2.0089869499206543
1588,0.19303183257579803
1589,2.035583972930908
1590,2.099107265472412
1591,3.3675737380981445
1592,12.274285316467285
1593,12.44248104095459
1594,0.0
1595,0.0
1596,7.7719645500183105
1597,29.760225296020508
1598,6.882179260253906
1599,3.475303888320923
1600,3.1124110221862793
1601,7.485992908477783
1602,4.174222469329834
1603,12.449066162109375
1604,0.5588903427124023
1605,9.964566230773926
1606,6.541259288787842
1607,2.716926097869873
1608,4.825929641723633
1609,19.216516494750977
1610,1.3849372863769531
1611,3.149794101715088
1612,16.072134017944336
1613,24.432003021240234
1614,0.0
1615,5.629260063171387
1616,4.912673473358154
1617,8.26839542388916
1618,2.4566140174865723
1619,0.0
1620,6.292964458465576
1621,3.335228443145752
1622,18.069860458374023
1623,3.674478530883789
1624,2.8993420600891113
1625,0.0
1626,1.3121895790100098
1627,0.0
1628,8.827704429626465
1629,12.912481307983398
1630,5.5446367263793945
1631,16.177236557006836
1632,2.469423294067383
1633,4.7817816734313965
1634,5.426785469055176
1635,4.705536365509033
1636,2.396888017654419
1637,0.0
1638,0.0
1639,0.4947277307510376
1640,9.7409029006958
1641,2.038451671600342
1642,16.656625747680664
1643,2.028974771499634
1644,5.070874214172363
1645,26.70835304260254
1646,6.831766605377197
1647,8.537842750549316
1648,2.322370767593384
1649,4.0305495262146
1650,12.725379943847656
1651,5.6063666343688965
1652,5.4038310050964355
1653,7.734104633331299
1654,8.589559555053711
1655,1.2387256622314453
1656,0.0
1657,2.19620943069458
1658,0.0
1659,1.3654279708862305
1660,5.476769924163818
1661,0.0
1662,0.0
1663,2.282149314880371
1664,9.01858139038086
1665,8.210217475891113
1666,8.779077529907227
1667,13.510085105895996
1668,11.377245903015137
1669,9.091614723205566
1670,4.541676044464111
1671,4.4116668701171875
1672,15.599771499633789
1673,5.614767551422119
1674,17.859642028808594
1675,6.031068325042725
1676,15.756608009338379
1677,0.0
1678,1.8374824523925781
1679,3.969679355621338
1680,3.500169277191162
1681,3.1526906490325928
1682,0.0
1683,0.0
1684,1.3974617719650269
1685,7.840577602386475
1686,0.0
1687,7.703389644622803
1688,5.801755428314209
1689,4.559360027313232
1690,16.151792526245117
1691,9.494834899902344
1692,7.814635753631592
1693,8.201857566833496
1694,2.0810558795928955
1695,3.073122024536133
1696,0.0
1697,2.7881312370300293
1698,6.062399387359619
1699,5.861667633056641
1700,1.2448310852050781
1701,4.98182487487793
1702,7.83998441696167
1703,13.577797889709473
1704,3.9113526344299316
1705,0.4317891001701355
1706,0.0
1707,0.0
1708,3.1527938842773438
1709,0.2731495499610901
1710,3.362525701522827
1711,5.025295734405518
1712,3.60296368598938
1713,3.764132022857666
1714,4.1175537109375
1715,1.9026482105255127
1716,6.738758563995361
1717,5.922887325286865
1718,4.778810501098633
1719,8.703658103942871
1720,4.839906692504883
1721,7.203101634979248
1722,8.402833938598633
1723,6.770890235900879
1724,14.297924041748047
1725,8.328069686889648
1726,5.4096455574035645
1727,6.413733959197998
1728,18.21040153503418
1729,5.190037250518799
1730,4.790693759918213
1731,3.2153210639953613
1732,0.0
1733,0.0
1734,0.0
1735,1.917879581451416
1736,6.137735843658447
1737,0.8658793568611145
1738,0.0
1739,5.251237392425537
1740,1.7334609031677246
1741,3.7821202278137207
1742,0.0
1743,1.9323322772979736
1744,1.7597041130065918
1745,0.0
1746,2.6650338172912598
1747,8.211746215820312
1748,6.358098983764648
1749,5.928404331207275
1750,1.7978568077087402
1751,0.0
1752,1.8874430656433105
1753,0.6310752034187317
1754,8.934881210327148
1755,5.742631435394287
1756,4.554879188537598
1757,2.0608067512512207
1758,1.7927279472351074
1759,1.5621991157531738
1760,2.6412734985351562
1761,2.6003096103668213
1762,2.6802902221679688
1763,7.561055660247803
1764,23.596052169799805
1765,3.2025163173675537
1766,0.0
1767,0.0
1768,0.0
1769,6.294596195220947
1770,8.519468307495117
1771,8.564752578735352
1772,6.81657075881958
1773,9.702377319335938
1774,10.83200454711914
1775,9.93193244934082
1776,0.028115317225456238
1777,1.3990392684936523
1778,0.34006935358047485
1779,0.0
1780,0.0
1781,0.9774510264396667
1782,4.831815242767334
1783,3.30373215675354
1784,5.244008541107178
1785,7.701118469238281
1786,0.0
1787,10.457915306091309
1788,9.578475952148438
1789,4.05490779876709
1790,6.753505706787109
1791,1.9681570529937744
1792,5.9764485359191895
1793,12.248639106750488
1794,16.735719680786133
1795,13.52992057800293
1796,4.157211780548096
1797,2.009382724761963
1798,7.152834415435791
1799,8.083968162536621
1800,0.0
1801,1.6058186292648315
1802,0.0
1803,1.1289149522781372
1804,1.7670221328735352
1805,3.549440383911133
1806,4.148561477661133
1807,0.0
1808,4.202381610870361
1809,5.596351146697998
1810,15.090155601501465
1811,3.7686877250671387
1812,6.647846698760986
1813,13.334710121154785
1814,0.0
1815,3.114032506942749
1816,9.07611083984375
1817,13.764219284057617
1818,8.198854446411133
1819,14.35912799835205
1820,9.623693466186523
1821,8.484622955322266
1822,4.428372859954834
1823,1.0614674091339111
1824,4.866237640380859
1825,1.6608099937438965
1826,1.2957878112792969
1827,0.0
1828,6.074343681335449
1829,6.1845784187316895
1830,16.71851921081543
1831,14.479308128356934
1832,1.7032361030578613
1833,1.9679017066955566
1834,0.0
1835,0.0
1836,0.0
1837,2.6060824394226074
1838,3.309117317199707
1839,3.1100218296051025
1840,8.09489917755127
1841,0.7464271187782288
1842,0.0
1843,0.0
1844,0.0
1845,0.0
1846,3.16924786567688
1847,13.894201278686523
1848,7.791623592376709
1849,11.750343322753906
1850,19.02488899230957
1851,4.022689342498779
1852,0.890461266040802
1853,0.28863102197647095
1854,1.1524653434753418
1855,0.105868861079216
1856,4.372714042663574
1857,0.5149367451667786
1858,0.2827504277229309
1859,1.6685001850128174
1860,0.0
1861,0.10891188681125641
1862,0.0
1863,0.5324380397796631
1864,0.0
1865,1.3273141384124756
1866,0.3811126947402954
1867,0.0
1868,4.298027038574219
1869,9.866307258605957
1870,0.0
1871,0.0
1872,0.21767310798168182
1873,0.0
1874,0.0
1875,0.19703535735607147
1876,0.5055217146873474
1877,1.7395997047424316
1878,3.4291417598724365
1879,4.943012237548828
1880,5.038008213043213
1881,4.3066840171813965
1882,1.9427580833435059
1883,0.0
1884,0.074832484126091
1885,0.0
1886,0.0
1887,4.3624043464660645
1888,1.4505152702331543
1889,0.6892345547676086
1890,0.4760661721229553
1891,0.0
1892,0.0
1893,5.294010162353516
1894,0.0
1895,0.0
1896,0.0
1897,0.7465043663978577
1898,1.097003698348999
1899,0.0
1900,0.5588708519935608
1901,0.1561465710401535
1902,2.6369006633758545
1903,1.5169634819030762
1904,13.167487144470215
1905,9.275017738342285
1906,2.2430918216705322
1907,3.18939208984375
1908,0.0
1909,0.0
1910,0.8465791344642639
1911,0.0
1912,0.5904617309570312
1913,0.0
1914,0.0
1915,0.0
1916,0.0
1917,1.118972659111023
1918,2.557318925857544
1919,1.1208829879760742
1920,0.8004603981971741
1921,0.7205933928489685
1922,1.769157886505127
1923,0.8023839592933655
1924,0.455597460269928
1925,0.3833833336830139
1926,1.224867820739746
1927,5.237841606140137
1928,2.6976053714752197
1929,13.312915802001953
1930,7.16611385345459
1931,6.404881477355957
1932,7.086379051208496
1933,2.7514960765838623
1934,0.0
1935,4.514742374420166
1936,5.380258560180664
1937,6.577996730804443
1938,7.589630603790283
1939,1.6505073308944702
1940,21.698469161987305
1941,0.12064684927463531
1942,0.8686020970344543
1943,8.737713813781738
1944,11.54920482635498
1945,10.478809356689453
1946,10.547747611999512
1947,12.033797264099121
1948,12.219121932983398
1949,0.0
1950,5.644147872924805
1951,5.25913667678833
1952,0.0
1953,0.8193021416664124
1954,1.6457178592681885
1955,1.0551061630249023
1956,0.0
1957,0.0
1958,1.239261507987976
1959,0.0
1960,2.836217164993286
1961,7.252937316894531
1962,6.755494594573975
1963,8.88647747039795
1964,7.456914901733398
1965,9.062457084655762
1966,9.271829605102539
1967,5.424839019775391
1968,11.488028526306152
1969,12.428633689880371
1970,6.453730583190918
1971,4.1451592445373535
1972,4.036285877227783
1973,21.273067474365234
1974,1.1672396659851074
1975,1.9360630512237549
1976,1.24190092086792
1977,1.4763463735580444
1978,2.0472192764282227
1979,9.28637981414795
1980,0.0
1981,9.96849536895752
1982,0.0
1983,5.192172527313232
1984,0.0
1985,5.990425109863281
1986,8.78846263885498
1987,0.0
1988,9.1537504196167
1989,3.6347126960754395
1990,11.771139144897461
1991,4.716459274291992
1992,9.877081871032715
1993,2.9762415885925293
1994,0.4073635935783386
1995,0.0
1996,5.7918291091918945
1997,4.911250114440918
1998,1.848128080368042
1999,0.6444337368011475
2000,1.0147777795791626
2001,6.087695121765137
2002,2.5789999961853027
2003,0.7119956612586975
2004,6.21040678024292
2005,5.120219707489014
2006,3.2498230934143066
2007,2.442232847213745
2008,2.8854594230651855
2009,2.4389748573303223
2010,2.2041540145874023
2011,1.2707422971725464
2012,0.0
2013,2.179135799407959
2014,0.6806683540344238
2015,2.1610894203186035
2016,3.4970431327819824
2017,5.895059585571289
2018,10.395718574523926
2019,5.348145008087158
2020,0.0
2021,2.137573719024658
2022,3.36848783493042
2023,0.8651427626609802
2024,14.258441925048828
2025,17.750764846801758
2026,7.965753078460693
2027,18.813533782958984
2028,9.669910430908203
2029,5.9250640869140625
2030,22.5826358795166
2031,5.66202974319458
2032,4.805687427520752
2033,16.83637237548828
2034,0.06717018783092499
2035,5.530711650848389
2036,9.57259464263916
2037,9.63755989074707
2038,14.261313438415527
2039,29.135225296020508
2040,21.575265884399414
2041,8.259208679199219
2042,12.472092628479004
2043,0.0
2044,0.3959823250770569
2045,5.270801067352295
2046,0.5134165287017822
2047,7.102666854858398
2048,14.936566352844238
2049,13.249741554260254
2050,1.056288242340088
2051,17.280284881591797
2052,19.665908813476562
2053,4.581643581390381
2054,2.5408806800842285
2055,0.0
2056,0.0
2057,38.491188049316406
2058,12.129295349121094
2059,0.0
2060,4.527308940887451
2061,0.0
2062,1.1016554832458496
2063,0.04484198987483978
2064,0.0
2065,6.401325702667236
2066,2.081941843032837
2067,9.93388843536377
2068,12.795548439025879
2069,4.7347259521484375
2070,18.66938018798828
2071,0.0
2072,0.09560875594615936
2073,1.1381866931915283
2074,2.9197192192077637
2075,0.0
2076,3.1801388263702393
2077,2.7627344131469727
2078,1.21661376953125
2079,0.0
2080,0.713228166103363
2081,1.833298921585083
2082,0.7425496578216553
2083,0.0
2084,3.8977513313293457
2085,2.734142780303955
2086,0.0
2087,3.5720067024230957
2088,12.917067527770996
2089,0.0
2090,0.30825096368789673
2091,5.409041881561279
2092,5.125500679016113
2093,0.0
2094,2.6444053649902344
2095,1.5748628377914429
2096,8.322547912597656
2097,0.0
2098,0.0
2099,16.733745574951172
2100,0.7570696473121643
2101,1.0156285762786865
2102,11.357993125915527
2103,0.0
2104,2.6024487018585205
2105,8.1797513961792
2106,0.0
2107,3.6140449047088623
2108,0.5605117082595825
2109,6.680633068084717
2110,14.05727767944336
2111,3.6646664142608643
2112,3.5645246505737305
2113,10.178050994873047
2114,2.0443801879882812
2115,2.4428067207336426
2116,6.376949787139893
2117,0.6359813213348389
2118,0.0
2119,0.16199685633182526
2120,0.0
2121,13.677912712097168
2122,2.75618839263916
2123,5.080080509185791
2124,2.5944600105285645
2125,12.495054244995117
2126,16.56366539001465
2127,1.9472484588623047
2128,1.445948839187622
2129,0.0
2130,3.3419442176818848
2131,9.532195091247559
2132,7.723360538482666
2133,6.999320030212402
2134,1.410714030265808
2135,3.114121675491333
2136,0.0
2137,3.993119239807129
2138,0.0
2139,0.0
2140,9.348993301391602
2141,7.211052417755127
2142,2.5144708156585693
2143,4.027309894561768
2144,6.399656295776367
2145,3.1311118602752686
2146,4.744442939758301
2147,8.619359016418457
2148,0.6497467160224915
2149,2.061236619949341
2150,0.0
2151,5.074186325073242
2152,1.5899059772491455
2153,6.737320423126221
2154,10.386735916137695
2155,9.738133430480957
2156,2.6026737689971924
2157,2.105851173400879
2158,5.672569274902344
2159,6.366337776184082
2160,6.4542975425720215
2161,5.680169582366943
2162,0.0
2163,6.071628093719482
2164,7.650413990020752
2165,4.165772914886475
2166,0.0
2167,2.508373260498047
2168,7.977756977081299
2169,10.891500473022461
2170,0.17507313191890717
2171,2.6546854972839355
2172,0.1987295001745224
2173,2.4032511711120605
2174,0.15010736882686615
2175,0.0
2176,18.036643981933594
2177,3.5122478008270264
2178,7.237076759338379
2179,0.0
2180,1.0367050170898438
2181,0.0
2182,1.5440605878829956
2183,0.12066619098186493
2184,0.6961211562156677
2185,9.177334785461426
2186,2.7045419216156006
2187,0.0
2188,0.18420682847499847
2189,0.0
2190,0.0
2191,0.0
2192,2.4166312217712402
2193,0.0
2194,15.100590705871582
2195,4.787248611450195
2196,1.7437530755996704
2197,15.396515846252441
2198,1.8239731788635254
2199,13.180879592895508
2200,8.42691421508789
2201,4.30870246887207
2202,0.2087724655866623
2203,5.974987506866455
2204,10.490370750427246
2205,2.513256311416626
2206,13.241122245788574
2207,9.517206192016602
2208,7.603518009185791
2209,0.0
2210,0.40057075023651123
2211,6.85988187789917
2212,1.712561845779419
2213,0.0
2214,0.0
2215,0.9768261313438416
2216,0.0
2217,1.4438011646270752
2218,4.033008098602295
2219,0.0
2220,7.932580471038818
2221,6.486820697784424
2222,9.420350074768066
2223,0.7659557461738586
2224,1.8683435916900635
2225,1.5125898122787476
2226,1.499878168106079
2227,0.8512981534004211
2228,15.08178424835205
2229,0.8131245970726013
2230,0.0
2231,6.538483142852783
2232,0.2771978974342346
2233,15.460524559020996
2234,1.192821979522705
2235,11.261369705200195
2236,2.172924280166626
2237,11.481599807739258
2238,6.222843647003174
2239,0.0
2240,0.23229946196079254
2241,0.0
2242,0.0
2243,1.1956241130828857
2244,0.8648044466972351
2245,0.0
2246,1.2039072513580322
2247,6.233693599700928
2248,10.387907981872559
2249,0.5574408173561096
2250,9.239469528198242
2251,0.0
2252,0.0
2253,0.803650438785553
2254,0.0
2255,0.0
2256,0.0
2257,0.0
2258,6.207862854003906
2259,0.0
2260,0.0
2261,17.001129150390625
2262,0.0
2263,0.0
2264,4.071445465087891
2265,5.185074329376221
2266,0.01911906898021698
2267,5.202012538909912
2268,0.1091446727514267
2269,14.454340934753418
2270,4.1785197257995605
2271,1.4492979049682617
2272,0.0
2273,0.0
2274,0.0
2275,8.85477066040039
2276,0.0
2277,0.0
2278,0.0
2279,9.022616386413574
2280,15.28916072845459
2281,15.731070518493652
2282,0.0
2283,7.821658611297607
2284,6.518044948577881
2285,12.165518760681152
2286,7.9310431480407715
2287,0.7777329087257385
2288,6.958867073059082
2289,1.6364705562591553
2290,2.229174852371216
2291,8.380000114440918
2292,4.717796802520752
2293,11.798291206359863
2294,6.28078031539917
2295,0.0
2296,1.7009971141815186
2297,5.771848678588867
2298,8.039466857910156
2299,0.0
2300,2.6782286167144775
2301,0.7075729966163635
2302,0.0
2303,0.5155726075172424
2304,0.0
2305,0.0
2306,6.015188217163086
2307,0.0
2308,0.0
2309,5.38100004196167
2310,0.0
2311,6.620368957519531
2312,0.0
2313,0.0
2314,1.5395519733428955
2315,5.175234317779541
2316,0.1657446175813675
2317,3.9807372093200684
2318,7.423996448516846
2319,7.2897491455078125
2320,3.4504053592681885
2321,3.1489615440368652
2322,6.958717346191406
2323,7.231039524078369
2324,8.861627578735352
2325,15.636713981628418
2326,1.6211538314819336
2327,5.099730968475342
2328,0.0
2329,4.306283473968506
2330,1.0289363861083984
2331,8.562068939208984
2332,4.869508743286133
2333,0.5229054093360901
2334,2.7881813049316406
2335,25.402191162109375
2336,0.0
2337,3.053809881210327
2338,1.3099844455718994
2339,2.017714262008667
2340,12.492963790893555
2341,9.379312515258789
2342,11.237652778625488
2343,0.7981467843055725
2344,5.611297130584717
2345,11.551473617553711
2346,0.0
2347,0.0
2348,6.5707316398620605
2349,6.101399898529053
2350,1.9672365188598633
2351,0.8944936394691467
2352,1.0389745235443115
2353,2.688535690307617
2354,0.6849470734596252
2355,0.32206350564956665
2356,0.0
2357,1.2986879348754883
2358,5.407288551330566
2359,6.748510837554932
2360,4.2599945068359375
2361,7.38664436340332
2362,15.579255104064941
2363,3.4884300231933594
2364,0.6254414319992065
2365,4.042913436889648
2366,4.5903778076171875
2367,1.6449792385101318
2368,0.0
2369,0.0
2370,0.0
2371,1.9529199600219727
2372,3.5266458988189697
2373,0.0
2374,0.34538012742996216
2375,1.9593925476074219
2376,2.0398178100585938
2377,0.0
2378,3.809943675994873
2379,3.338386058807373
2380,1.4086804389953613
2381,0.0
2382,0.0
2383,1.3380670547485352
2384,5.502065181732178
2385,0.0
2386,0.4906225800514221
2387,10.585389137268066
2388,8.233033180236816
2389,7.383692741394043
2390,8.319787979125977
2391,5.746446132659912
2392,11.447803497314453
2393,0.735901415348053
2394,1.4882659912109375
2395,4.410465717315674
2396,10.541067123413086
2397,51.7578010559082
2398,0.8305270075798035
2399,0.0
2400,1.415947437286377
2401,9.142041206359863
2402,4.284422874450684
2403,8.811083793640137
2404,2.0940213203430176
2405,3.6571855545043945
2406,2.158646821975708
2407,2.194415330886841
2408,1.087301254272461
2409,0.0
2410,0.8202396035194397
2411,2.7179250717163086
2412,7.147098064422607
2413,0.0
2414,0.13282494246959686
2415,0.30955326557159424
2416,6.5874528884887695
2417,0.0
2418,0.0
2419,0.0
2420,0.16824902594089508
2421,3.7738757133483887
2422,0.7782760262489319
2423,1.677592396736145
2424,2.929941415786743
2425,6.67031717300415
2426,3.296382427215576
2427,11.21524715423584
2428,10.993183135986328
2429,0.0
2430,7.740675926208496
2431,23.591650009155273
2432,10.453819274902344
2433,17.259897232055664
2434,5.045243740081787
2435,1.118278980255127
2436,0.0
2437,0.0
2438,0.0
2439,2.2032558917999268
2440,3.1765189170837402
2441,10.215420722961426
2442,0.0
2443,4.274081230163574
2444,3.782473564147949
2445,0.7672291398048401
2446,2.873370409011841
2447,0.0
2448,0.0
2449,3.37404465675354
2450,0.0
2451,0.0
2452,0.2729402184486389
2453,0.0
2454,2.9493937492370605
2455,2.7417349815368652
2456,0.0
2457,0.0
2458,6.743257999420166
2459,3.9936676025390625
2460,0.36858421564102173
2461,4.441194534301758
2462,2.402846097946167
2463,0.0
2464,6.074997901916504
2465,0.0
2466,1.9837355613708496
2467,11.251957893371582
2468,4.32604455947876
2469,1.1587988138198853
2470,15.770602226257324
2471,0.0
2472,0.0
2473,7.795462131500244
2474,1.8502469062805176
2475,0.0
2476,6.666258811950684
2477,2.093794107437134
2478,0.0
2479,0.0
2480,8.965374946594238
2481,0.0
2482,6.077549457550049
2483,7.252902030944824
2484,8.558974266052246
2485,3.780607223510742
2486,2.172926425933838
2487,1.882230520248413
2488,6.388301849365234
2489,2.607008218765259
2490,0.444577693939209
2491,0.0
2492,0.0
2493,0.0
2494,11.377872467041016
2495,13.182003021240234
2496,0.0
2497,5.998725891113281
2498,8.90549087524414
2499,3.3402490615844727
2500,0.0
2501,0.0
2502,0.0
2503,0.0
2504,0.0
2505,0.0
2506,0.0
2507,0.0
2508,0.0
2509,0.14011557400226593
2510,0.0
2511,0.21292071044445038
2512,0.8141151070594788
2513,0.8696468472480774
2514,1.0677101612091064
2515,0.7361364364624023
2516,0.0
2517,5.254626274108887
2518,35.147708892822266
2519,0.709059476852417
2520,14.315704345703125
2521,5.7024946212768555
2522,3.820740222930908
2523,6.110940456390381
2524,11.212607383728027
2525,4.907551288604736
2526,3.7066304683685303
2527,1.163114309310913
2528,0.0
2529,0.0
2530,0.0
2531,0.0
2532,4.2629170417785645
2533,6.2209906578063965
2534,1.245349407196045
2535,0.0
2536,0.0
2537,0.0
2538,0.0
2539,0.0
2540,0.0
2541,0.0
2542,0.0
2543,0.4963131546974182
2544,0.0
2545,0.38045281171798706
2546,3.3714475631713867
2547,0.0
2548,0.0
2549,0.0
2550,0.0
2551,0.6560958623886108
2552,4.678900718688965
2553,13.395801544189453
2554,0.0
2555,0.0
2556,0.012430235743522644
2557,0.0
2558,0.0
2559,11.276751518249512
2560,3.75535249710083
2561,1.9808597564697266
2562,12.885717391967773
2563,0.0
2564,15.428465843200684
2565,0.8925996422767639
2566,0.5006269812583923
2567,0.6941260099411011
2568,0.0
2569,0.0
2570,0.7370997071266174
2571,0.0
2572,0.027899250388145447
2573,0.6452369093894958
2574,0.4531515836715698
2575,0.0
2576,0.6689327955245972
2577,0.6474318504333496
2578,0.0
2579,0.0
2580,0.0028612464666366577
2581,3.3281030654907227
2582,0.0
2583,10.224275588989258
2584,17.14922332763672
2585,8.193111419677734
2586,0.0
2587,3.709298849105835
2588,3.29848313331604
2589,0.0
2590,10.458948135375977
2591,2.087141752243042
2592,3.503427028656006
2593,3.9545960426330566
2594,20.068267822265625
2595,0.5430793762207031
2596,3.742539882659912
2597,4.245049953460693
2598,6.085069179534912
2599,9.982827186584473
2600,7.430159091949463
2601,4.248676300048828
2602,5.153019428253174
2603,3.9275259971618652
2604,10.20450496673584
2605,12.40039348602295
2606,14.440633773803711
2607,0.0
2608,1.3019871711730957
2609,0.0
2610,4.834132671356201
2611,11.346996307373047
2612,8.049925804138184
2613,4.585618495941162
2614,5.488049030303955
2615,7.756214618682861
2616,2.4272196292877197
2617,6.5809407234191895
2618,2.5006814002990723
2619,11.197863578796387
2620,0.46241098642349243
2621,2.6400208473205566
2622,24.71022605895996
2623,13.103713989257812
2624,1.8266654014587402
2625,0.0
2626,3.7842583656311035
2627,9.204153060913086
2628,4.166866302490234
2629,9.756505012512207
2630,4.780942440032959
2631,11.140162467956543
2632,0.5808210968971252
2633,3.5225672721862793
2634,16.257610321044922
2635,5.341013431549072
2636,1.0387821197509766
2637,0.947437584400177
2638,1.440321683883667
2639,1.2027826309204102
2640,4.370994567871094
2641,12.961638450622559
2642,37.51209259033203
2643,14.247530937194824
2644,4.438869953155518
2645,20.196521759033203
2646,0.0
2647,1.7130968570709229
2648,0.0
2649,0.0
2650,0.0
2651,0.22002272307872772
2652,0.0
2653,0.0
2654,5.248522758483887
2655,25.179767608642578
2656,30.35955238342285
2657,18.655141830444336
2658,17.780458450317383
2659,7.392768859863281
2660,5.110527038574219
2661,5.874094009399414
2662,0.0
2663,2.076336145401001
2664,5.3302717208862305
2665,2.631329298019409
2666,0.0
2667,0.0
2668,0.3383074402809143
2669,0.0
2670,0.0
2671,1.0547654628753662
2672,1.6716890335083008
2673,0.0
2674,0.0
2675,0.2768862843513489
2676,0.0966099351644516
2677,0.0
2678,3.260105848312378
2679,2.096513032913208
2680,5.101267337799072
2681,0.0
2682,2.88759708404541
2683,0.0
2684,1.3153905868530273
2685,0.0
2686,0.0
2687,0.0
2688,0.0
2689,0.0
2690,2.290560007095337
2691,5.394127368927002
2692,3.117983341217041
2693,5.950481414794922
2694,1.2336801290512085
2695,0.0
2696,1.2184171676635742
2697,0.0
2698,0.0
2699,0.0
2700,0.6613802909851074
2701,4.757759094238281
2702,4.572438716888428
2703,2.297736167907715
2704,0.0
2705,0.0
2706,1.6480927467346191
2707,0.0
2708,0.0
2709,0.0
2710,4.069925785064697
2711,7.336225509643555
2712,16.356468200683594
2713,35.963775634765625
2714,6.704866886138916
2715,1.5349979400634766
2716,2.2246251106262207
2717,0.0
2718,0.0
2719,2.7414627075195312
2720,6.222471237182617
2721,4.031143665313721
2722,0.19039110839366913
2723,5.503413200378418
2724,4.243478775024414
2725,0.0
2726,0.0
2727,2.274197578430176
2728,0.0
2729,1.9678020477294922
2730,4.517399311065674
2731,0.0
2732,2.8924593925476074
2733,0.0
2734,0.5989466309547424
2735,0.0
2736,2.2796220779418945
2737,4.905813217163086
2738,2.0636584758758545
2739,0.0
2740,0.0
2741,0.0
2742,0.02488212287425995
2743,0.16734938323497772
2744,1.4251618385314941
2745,0.0
2746,0.0
2747,12.82742691040039
2748,2.3401007652282715
2749,5.699032783508301
2750,8.502267837524414
2751,0.8906009793281555
2752,2.897678852081299
2753,2.7114779949188232
2754,0.3154831528663635
2755,0.0
2756,0.0
2757,0.0
2758,0.0
2759,0.0
2760,0.0
2761,0.5830171704292297
2762,0.0
2763,1.5620596408843994
2764,3.6077184677124023
2765,0.0
2766,2.104565143585205
2767,0.0
2768,0.0
2769,0.0
2770,0.2978992462158203
2771,0.0
2772,0.0
2773,1.20228910446167
2774,2.7664198875427246
2775,0.24832825362682343
2776,3.8798828125
2777,0.5600174069404602
2778,1.023302674293518
2779,14.082274436950684
2780,6.014519214630127
2781,2.6984376907348633
2782,3.141087293624878
2783,2.2104811668395996
2784,9.194183349609375
2785,0.0
2786,0.0
2787,0.0
2788,0.0
2789,1.5736802816390991
2790,0.0
2791,0.0
2792,0.3250957727432251
2793,0.0
2794,0.5287579298019409
2795,0.0
2796,0.0
2797,0.0
2798,2.5712859630584717
2799,0.0
2800,0.0
2801,0.0
2802,0.0
2803,0.0
2804,0.0
2805,0.9103789925575256
2806,0.0
2807,0.0
2808,0.0
2809,3.036134719848633
2810,6.237880706787109
2811,0.0
2812,0.0
2813,0.0
2814,8.106319427490234
2815,0.0
2816,5.120239734649658
2817,0.0
2818,0.0
2819,5.49106502532959
2820,6.717370986938477
2821,0.0
2822,0.0
2823,1.8190319538116455
2824,0.0
2825,7.14231538772583
2826,0.07331602275371552
2827,6.262792110443115
2828,0.0
2829,0.0
2830,0.0
2831,0.5038542151451111
2832,5.159473896026611
2833,0.0
2834,0.0
2835,0.0
2836,0.0
2837,4.910621166229248
2838,0.0
2839,0.0
2840,0.0
2841,0.0
2842,0.0
2843,0.0
2844,0.0
2845,5.513703346252441
2846,0.0
2847,0.0
2848,0.0
2849,0.0
2850,0.0
2851,0.0
2852,5.278532981872559
2853,0.0
2854,0.0
2855,4.591341018676758
2856,0.0
2857,0.0
2858,1.6752371788024902
2859,0.15547923743724823
2860,5.287745475769043
2861,4.564662933349609
2862,8.913337707519531
2863,0.0
2864,0.0
2865,6.0337653160095215
2866,4.959301471710205
2867,0.0
2868,0.0
2869,0.0
2870,0.0
2871,0.5704923272132874
2872,0.0
2873,0.0
2874,0.0
2875,0.11280839145183563
2876,0.053275659680366516
2877,0.3007171154022217
2878,0.0
2879,0.0
2880,0.0
2881,0.0
2882,0.0
2883,0.0
2884,0.0
2885,0.0
2886,0.0
2887,1.0324013233184814
2888,0.0
2889,7.260197639465332
2890,7.937816143035889
2891,2.4782190322875977
2892,5.439681529998779
2893,0.0
2894,8.101054191589355
2895,0.0
2896,2.483020305633545
2897,0.8911378979682922
2898,0.0
2899,0.0
2900,0.0
2901,0.0
2902,0.0
2903,1.4277515411376953
2904,0.21253113448619843
2905,6.089108943939209
2906,0.0
2907,0.0
2908,0.0
2909,0.0
2910,2.6623616218566895
2911,0.3472934365272522
2912,0.0
2913,0.0
2914,0.0
2915,0.0
2916,2.8520350456237793
2917,1.6217079162597656
2918,1.666475534439087
2919,0.0
2920,0.0
2921,0.0
2922,2.4016427993774414
2923,0.18062587082386017
2924,0.0
2925,0.1420135349035263
2926,6.5962018966674805
2927,8.524611473083496
2928,6.468347549438477
2929,9.131978988647461
2930,9.612953186035156
2931,0.6788977980613708
2932,0.0
2933,0.0
2934,4.094492435455322
2935,5.36977481842041
2936,9.882796287536621
2937,0.0
2938,0.0
2939,2.819680690765381
2940,4.01266622543335
2941,5.295152187347412
2942,10.86679458618164
2943,1.8909337520599365
2944,5.272405624389648
2945,0.7424867749214172
2946,9.257612228393555
2947,8.996726989746094
2948,18.831777572631836
2949,6.922876358032227
2950,8.821667671203613
2951,18.568815231323242
2952,10.573572158813477
2953,13.134184837341309
2954,6.99782657623291
2955,24.077707290649414
2956,6.656669616699219
2957,1.408553123474121
2958,4.8434062004089355
2959,2.6448116302490234
2960,5.703463077545166
2961,4.685561180114746
2962,60.50457763671875
2963,24.393646240234375
2964,24.111778259277344
2965,10.329379081726074
2966,23.130887985229492
2967,6.398021697998047
2968,7.328526973724365
2969,5.6578826904296875
2970,3.455048084259033
2971,0.0
2972,0.0
2973,0.0
2974,1.3407185077667236
2975,6.062368869781494
2976,0.0
2977,0.03834693133831024
2978,2.0099539756774902
2979,6.46159553527832
2980,5.715372085571289
2981,3.049197196960449
2982,2.0666842460632324
2983,23.23484230041504
2984,11.907207489013672
2985,5.716282844543457
2986,10.08696460723877
2987,3.862440586090088
2988,9.03922176361084
2989,53.53816223144531
2990,45.480804443359375
2991,21.00543975830078
2992,19.186914443969727
2993,25.580896377563477
2994,66.54984283447266
2995,17.54224395751953
2996,2.042775869369507
2997,2.173737049102783
2998,27.024362564086914
2999,59.07843780517578
3000,11.693207740783691
3001,10.414050102233887
3002,14.241584777832031
3003,0.0
3004,0.0
3005,0.0
3006,0.0
3007,0.0
3008,0.8333784937858582
3009,0.6996476054191589
3010,4.803887367248535
3011,3.573049545288086
3012,9.787734985351562
3013,6.277516841888428
3014,12.677075386047363
3015,3.6999385356903076
3016,16.03562355041504
3017,24.570865631103516
3018,13.638731956481934
3019,15.813523292541504
3020,4.1255364418029785
3021,10.096054077148438
3022,7.931398868560791
3023,0.5104451179504395
3024,2.757997989654541
3025,10.179047584533691
3026,7.794251918792725
3027,13.3258638381958
3028,7.1288065910339355
3029,7.257446765899658
3030,10.428258895874023
3031,0.8880193829536438
3032,0.0
3033,0.0
3034,4.138819217681885
3035,0.49893617630004883
3036,1.024703025817871
3037,0.0
3038,0.0
3039,0.0
3040,1.9742324352264404
3041,0.0
3042,4.7026238441467285
3043,0.0
3044,0.0
3045,5.067485332489014
3046,9.58845043182373
3047,27.771038055419922
3048,8.126509666442871
3049,2.3584699630737305
3050,1.3968064785003662
3051,0.0
3052,2.7171378135681152
3053,8.226876258850098
3054,15.058238983154297
3055,41.55397415161133
3056,10.939582824707031
3057,34.98819351196289
3058,0.14143981039524078
3059,0.0
3060,0.0
3061,0.0
3062,0.0
3063,0.0
3064,0.0
3065,0.0
3066,0.0
3067,0.0
3068,0.0
3069,0.0
3070,0.0
3071,0.0
3072,0.0
3073,4.657133102416992
3074,5.164318561553955
3075,5.718844890594482
3076,15.77608585357666
3077,13.144475936889648
3078,12.078154563903809
3079,6.134220123291016
3080,16.807270050048828
3081,4.833266258239746
3082,11.404193878173828
3083,9.256141662597656
3084,24.747804641723633
3085,3.471698522567749
3086,18.947399139404297
3087,14.241929054260254
3088,9.63021183013916
3089,15.603636741638184
3090,22.522350311279297
3091,21.662931442260742
3092,29.970226287841797
3093,5.241133213043213
3094,13.94421672821045
3095,16.520973205566406
3096,1.6920251846313477
3097,0.0
3098,1.2249115705490112
3099,0.0
3100,0.454253613948822
3101,11.90385627746582
3102,1.0020458698272705
3103,3.237349510192871
3104,6.855700969696045
3105,11.824986457824707
3106,10.859679222106934
3107,4.560149192810059
3108,11.330903053283691
3109,7.7537522315979
3110,3.5812294483184814
3111,8.768623352050781
3112,23.24601936340332
3113,2.116786241531372
3114,0.9391505122184753
3115,0.8954727053642273
3116,5.833639621734619
3117,12.872292518615723
3118,6.375082492828369
3119,9.403255462646484
3120,6.845236778259277
3121,4.274769306182861
3122,4.94813346862793
3123,9.281373023986816
3124,66.06396484375
3125,3.050013542175293
3126,16.194074630737305
3127,3.148101806640625
3128,9.147286415100098
3129,9.838926315307617
3130,9.0348539352417
3131,40.4092903137207
3132,69.50955200195312
3133,42.928070068359375
3134,6.0322089195251465
3135,3.7527623176574707
3136,3.9314751625061035
3137,3.179908514022827
3138,0.062470391392707825
3139,0.6253748536109924
3140,1.236280083656311
3141,0.0
3142,0.0
3143,0.0
3144,0.0
3145,10.396471977233887
3146,29.28481101989746
3147,48.47257614135742
3148,15.858731269836426
3149,28.23042106628418
3150,6.281301975250244
3151,1.4964622259140015
3152,5.17284631729126
3153,27.399072647094727
3154,1.4158209562301636
3155,0.5435487627983093
3156,2.3443965911865234
3157,0.0
3158,0.0
3159,1.8291723728179932
3160,0.027088329195976257
3161,8.553784370422363
3162,0.0
3163,0.0
3164,0.0
3165,0.45792514085769653
3166,4.404772758483887
3167,13.636991500854492
3168,8.297784805297852
3169,0.0
3170,1.0640853643417358
3171,5.202892780303955
3172,0.0
3173,1.0744295120239258
3174,1.1121419668197632
3175,0.0
3176,5.2320451736450195
3177,5.8481879234313965
3178,5.728543758392334
3179,0.6241723299026489
3180,0.258978009223938
3181,11.105238914489746
3182,19.065122604370117
3183,2.5733704566955566
3184,0.9504459500312805
3185,0.0
3186,8.696393966674805
3187,9.767163276672363
3188,3.9664812088012695
3189,0.0
3190,0.7409926056861877
3191,0.8061843514442444
3192,0.0
3193,0.0
3194,2.359156847000122
3195,0.9594507813453674
3196,9.343398094177246
3197,25.158857345581055
3198,12.843616485595703
3199,10.789693832397461
3200,3.237293243408203
3201,6.217041015625
3202,0.0
3203,6.570715427398682
3204,8.00370979309082
3205,15.443424224853516
3206,30.27851104736328
3207,5.823653221130371
3208,8.840387344360352
3209,1.3402540683746338
3210,0.8844596743583679
3211,0.6312773823738098
3212,10.34312915802002
3213,20.659969329833984
3214,0.3293038010597229
3215,0.3038824200630188
3216,1.8681292533874512
3217,0.0
3218,0.0
3219,0.0
3220,0.0
3221,0.5867128372192383
3222,0.0
3223,0.0
3224,0.0
3225,0.7656068205833435
3226,0.0635775476694107
3227,1.6026933193206787
3228,2.013380289077759
3229,1.1799663305282593
3230,8.384000778198242
3231,7.534952640533447
3232,2.6457998752593994
3233,8.716462135314941
3234,7.222124099731445
3235,7.975569248199463
3236,4.591236591339111
3237,19.446613311767578
3238,4.7589311599731445
3239,9.36243724822998
3240,0.8544493317604065
3241,3.3418192863464355
3242,8.98869800567627
3243,8.066330909729004
3244,12.824498176574707
3245,23.50581932067871
3246,3.984867572784424
3247,0.0
3248,1.7271848917007446
3249,0.0
3250,0.7484647631645203
3251,0.662265956401825
3252,0.7018370032310486
3253,3.4547059535980225
3254,0.955129086971283
3255,5.486588478088379
3256,3.6186835765838623
3257,14.15915584564209
3258,13.220792770385742
3259,3.5769710540771484
3260,7.411266326904297
3261,27.13209342956543
3262,11.698760986328125
3263,12.739104270935059
3264,7.786752223968506
3265,2.417231321334839
3266,1.0426805019378662
3267,0.5996351838111877
3268,0.0
3269,0.0
3270,6.164737701416016
3271,13.111416816711426
3272,1.229675054550171
3273,0.0
3274,4.302441120147705
3275,4.882715225219727
3276,3.5231428146362305
3277,4.519134521484375
3278,3.5950636863708496
3279,8.519630432128906
3280,10.16700267791748
3281,0.0
3282,0.0
3283,0.36636120080947876
3284,0.0
3285,1.0561809539794922
3286,2.424750566482544
3287,3.936911106109619
3288,6.004177570343018
3289,0.0
3290,0.0
3291,10.217202186584473
3292,2.1750965118408203
3293,0.0
3294,3.048515796661377
3295,6.120339870452881
3296,5.641760349273682
3297,17.090835571289062
3298,10.1519136428833
3299,11.063996315002441
3300,7.0708441734313965
3301,2.2901573181152344
3302,10.901150703430176
3303,8.38582992553711
3304,2.31801700592041
3305,10.819465637207031
3306,10.120594024658203
3307,20.235538482666016
3308,13.320028305053711
3309,1.4653074741363525
3310,1.474722146987915
3311,5.306182861328125
3312,3.0318615436553955
3313,2.573923349380493
3314,1.6635582447052002
3315,0.0
3316,0.17444269359111786
3317,0.0
3318,11.997756004333496
3319,1.1247797012329102
3320,0.0
3321,0.19558767974376678
3322,0.8288787007331848
3323,4.998461723327637
3324,1.147849202156067
3325,0.714495837688446
3326,0.15322370827198029
3327,3.6097958087921143
3328,3.906095027923584
3329,0.0
3330,0.6544287800788879
3331,0.0
3332,0.0
3333,0.0
3334,0.0
3335,0.3259963393211365
3336,1.5858895778656006
3337,1.751142978668213
3338,8.930072784423828
3339,10.224562644958496
3340,9.977224349975586
3341,4.379271984100342
3342,2.999814510345459
3343,1.998948574066162
3344,0.0
3345,5.51600980758667
3346,14.110861778259277
3347,9.45608139038086
3348,1.1455172300338745
3349,0.18233956396579742
3350,1.1389689445495605
3351,0.0
3352,0.0
3353,0.20329837501049042
3354,0.5743670463562012
3355,0.0
3356,0.0
3357,0.0
3358,1.0604512691497803
3359,0.0
3360,0.0
3361,0.0
3362,0.0
3363,2.000751495361328
3364,10.094103813171387
3365,11.429302215576172
3366,13.259142875671387
3367,8.466943740844727
3368,32.49910354614258
3369,9.151768684387207
3370,1.4349400997161865
3371,15.389694213867188
3372,16.52588653564453
3373,4.038177967071533
3374,13.19580364227295
3375,9.556602478027344
3376,2.3240180015563965
3377,0.0
3378,0.0
3379,0.0
3380,0.0
3381,0.7543973922729492
3382,0.0
3383,0.0
3384,5.125185489654541
3385,3.6997673511505127
3386,2.1908719539642334
3387,0.7853813767433167
3388,1.5031726360321045
3389,7.244894504547119
3390,0.0
3391,4.322745323181152
3392,8.905525207519531
3393,10.12657642364502
3394,1.7931766510009766
3395,2.485811471939087
3396,5.5759711265563965
3397,0.0
3398,6.034182548522949
3399,23.722793579101562
3400,6.263718128204346
3401,23.994029998779297
3402,13.437357902526855
3403,20.48909568786621
3404,7.365255832672119
3405,9.763284683227539
3406,11.740232467651367
3407,9.768437385559082
3408,8.442995071411133
3409,6.498228549957275
3410,0.3318867087364197
3411,0.0
3412,0.0
3413,0.0
3414,0.0
3415,6.057502746582031
3416,17.993011474609375
3417,10.743887901306152
3418,0.0
3419,0.0
3420,0.0
3421,1.836822748184204
3422,13.61291217803955
3423,14.91787052154541
3424,9.668561935424805
3425,8.479964256286621
3426,13.15605354309082
3427,7.714035987854004
3428,34.662784576416016
3429,39.13429641723633
3430,16.8103084564209
3431,11.090286254882812
3432,11.578341484069824
3433,18.250782012939453
3434,4.04238224029541
3435,3.054776430130005
3436,6.02583122253418
3437,6.827908515930176
3438,14.006230354309082
3439,46.30399703979492
3440,34.115943908691406
3441,31.177820205688477
3442,15.131424903869629
3443,29.29241180419922
3444,5.403833389282227
3445,6.006010055541992
3446,1.951758623123169
3447,13.6051607131958
3448,5.392618179321289
3449,2.4350101947784424
3450,1.9426324367523193
3451,3.475943088531494
3452,7.096973896026611
3453,1.2814981937408447
3454,0.0
3455,0.0
3456,0.0
3457,2.2372188568115234
3458,8.90992259979248
3459,7.903915882110596
3460,5.2292046546936035
3461,9.5240478515625
3462,14.719182014465332
3463,16.604290008544922
3464,30.270401000976562
3465,7.113255977630615
3466,11.819544792175293
3467,12.231938362121582
3468,79.38666534423828
3469,72.75984191894531
3470,36.101234436035156
3471,9.47847843170166
3472,31.806772232055664
3473,16.842775344848633
3474,11.716052055358887
3475,4.760149955749512
3476,14.808141708374023
3477,10.98717975616455
3478,12.551019668579102
3479,8.885100364685059
3480,14.445658683776855
3481,23.835798263549805
3482,23.635244369506836
3483,26.16806411743164
3484,24.698040008544922
3485,13.826412200927734
3486,15.953461647033691
3487,16.566301345825195
3488,22.949825286865234
3489,20.223377227783203
3490,22.674219131469727
3491,9.25710391998291
3492,10.155997276306152
3493,24.38869857788086
3494,28.29615592956543
3495,15.373003005981445
3496,14.586821556091309
3497,7.834611415863037
3498,11.15015983581543
3499,33.73903274536133
3500,12.940245628356934
3501,20.517547607421875
3502,25.071441650390625
3503,21.665470123291016
3504,18.12074851989746
3505,21.754491806030273
3506,18.65203285217285
3507,17.550004959106445
3508,17.29946517944336
3509,31.15719985961914
3510,24.517988204956055
3511,23.168935775756836
3512,16.85667610168457
3513,32.30998229980469
3514,12.883021354675293
3515,21.103404998779297
3516,22.73442268371582
3517,25.314355850219727
3518,32.93879699707031
3519,31.11256217956543
3520,54.91299819946289
3521,26.3575382232666
3522,14.486065864562988
3523,19.00043487548828
3524,23.80184555053711
3525,19.974605560302734
3526,15.874772071838379
3527,24.316699981689453
3528,32.876304626464844
3529,22.717802047729492
3530,28.234325408935547
3531,12.578866004943848
3532,40.52201461791992
3533,14.478205680847168
3534,20.738780975341797
3535,21.475910186767578
3536,16.33461570739746
3537,12.348668098449707
3538,20.309131622314453
3539,18.046539306640625
3540,17.102067947387695
3541,17.381927490234375
3542,23.920745849609375
3543,19.98508644104004
3544,26.418031692504883
3545,36.39555358886719
3546,16.846586227416992
3547,14.645015716552734
3548,17.0791015625
3549,14.696253776550293
3550,29.56140899658203
3551,7.09511137008667
3552,13.763548851013184
3553,49.443450927734375
3554,15.01476764678955
3555,2.7219674587249756
3556,33.02603530883789
3557,13.529908180236816
3558,17.23541831970215
3559,14.165083885192871
3560,23.49234962463379
3561,25.980974197387695
3562,20.476791381835938
3563,28.643795013427734
3564,15.236404418945312
3565,14.816473960876465
3566,17.53409767150879
3567,28.947811126708984
3568,20.790761947631836
3569,23.01718521118164
3570,15.958844184875488
3571,16.48607635498047
3572,18.888526916503906
3573,25.101425170898438
3574,18.20470428466797
3575,16.1883602142334
3576,15.879918098449707
3577,15.542304039001465
3578,25.28272819519043
3579,40.09540939331055
3580,25.43536376953125
3581,23.816267013549805
3582,15.874861717224121
3583,36.67285919189453
3584,16.697595596313477
3585,16.23027992248535
3586,15.367138862609863
3587,22.74486541748047
3588,13.365826606750488
3589,15.59705638885498
3590,25.5087890625
3591,17.530384063720703
3592,35.7432861328125
3593,17.79925537109375
3594,21.237056732177734
3595,18.300399780273438
3596,20.76673126220703
3597,16.615093231201172
3598,26.173137664794922
3599,36.2484130859375
3600,17.01112174987793
3601,23.091604232788086
3602,24.103700637817383
3603,14.414619445800781
3604,24.208768844604492
3605,6.617910385131836
3606,10.935047149658203
3607,8.566475868225098
3608,23.775867462158203
3609,9.483522415161133
3610,5.6745991706848145
3611,13.101085662841797
3612,67.94758605957031
3613,10.478731155395508
3614,21.441072463989258
3615,16.188283920288086
3616,15.647809028625488
3617,25.719709396362305
3618,26.83327865600586
3619,16.48414421081543
3620,10.497614860534668
3621,11.018170356750488
3622,9.38991641998291
3623,9.878311157226562
3624,20.026185989379883
3625,9.060832977294922
3626,17.995147705078125
3627,51.493350982666016
3628,18.749536514282227
3629,18.54349136352539
3630,19.82259750366211
3631,6.4393086433410645
3632,8.369942665100098
3633,9.53816032409668
3634,18.071876525878906
3635,10.62639331817627
3636,13.203898429870605
3637,15.466165542602539
3638,22.944990158081055
3639,17.243139266967773
3640,10.135345458984375
3641,37.015098571777344
3642,21.365066528320312
3643,18.772001266479492
3644,15.799677848815918
3645,17.538166046142578
3646,20.092510223388672
3647,11.431086540222168
3648,11.666943550109863
3649,23.175546646118164
3650,13.657812118530273
3651,12.660492897033691
3652,26.866064071655273
3653,21.99024772644043
3654,15.612586975097656
3655,14.747275352478027
3656,7.8242411613464355
3657,10.83973217010498
3658,1.5004100799560547
3659,1.3762872219085693
3660,16.795265197753906
3661,15.478536605834961
3662,11.699196815490723
3663,17.17538833618164
3664,25.76851463317871
3665,29.500389099121094
3666,33.02168655395508
3667,30.017234802246094
3668,19.90093231201172
3669,21.561622619628906
3670,22.480106353759766
3671,15.005780220031738
3672,29.807260513305664
3673,30.19940948486328
3674,22.607772827148438
3675,34.5753173828125
3676,23.549510955810547
3677,27.284273147583008
3678,14.588419914245605
3679,12.607929229736328
3680,7.141641616821289
3681,5.256008625030518
3682,4.907461643218994
3683,4.552796363830566
3684,5.7606520652771
3685,18.189027786254883
3686,25.587907791137695
3687,22.272472381591797
3688,21.688779830932617
3689,15.26664924621582
3690,11.983660697937012
3691,17.18165397644043
3692,22.20981788635254
3693,12.826851844787598
3694,20.151321411132812
3695,27.793472290039062
3696,19.047374725341797
3697,19.698261260986328
3698,33.69070816040039
3699,15.09308910369873
3700,1.5748310089111328
3701,16.97892951965332
3702,16.42533302307129
3703,24.865846633911133
3704,32.14744567871094
3705,15.173089027404785
3706,11.459720611572266
3707,12.21959400177002
3708,15.519665718078613
3709,18.026500701904297
3710,24.26262092590332
3711,20.16517448425293
3712,33.63700866699219
3713,23.475919723510742
3714,14.38772964477539
3715,17.23564910888672
3716,22.31215476989746
3717,21.938796997070312
3718,2.7347779273986816
3719,18.503232955932617
3720,25.246267318725586
3721,41.49298858642578
3722,21.076143264770508
3723,35.986839294433594
3724,10.667402267456055
3725,19.476974487304688
3726,10.258825302124023
3727,19.647705078125
3728,10.00423526763916
3729,20.398395538330078
3730,25.12037467956543
3731,18.54305648803711
3732,18.941787719726562
3733,21.35464096069336
3734,21.311887741088867
3735,24.02709197998047
3736,18.941303253173828
3737,19.546924591064453
3738,19.3997802734375
3739,41.83573532104492
3740,19.146102905273438
3741,13.077967643737793
3742,13.884020805358887
3743,14.905324935913086
3744,20.42301368713379
3745,17.721670150756836
3746,14.769322395324707
3747,13.461080551147461
3748,45.54341506958008
3749,10.03791618347168
3750,7.980166912078857
3751,6.053858280181885
3752,22.806690216064453
3753,33.40276336669922
3754,27.19837760925293
3755,15.45591926574707
3756,14.930068969726562
3757,20.875885009765625
3758,3.3645520210266113
3759,9.18538761138916
3760,44.68427276611328
3761,17.784780502319336
3762,16.113868713378906
3763,17.326723098754883
3764,14.422188758850098
3765,16.302724838256836
3766,18.00509262084961
3767,19.76496696472168
3768,17.192594528198242
3769,42.89610290527344
3770,8.698092460632324
3771,10.481162071228027
3772,11.812199592590332
3773,12.805959701538086
3774,42.63798904418945
3775,3.1405467987060547
3776,10.382579803466797
3777,13.065332412719727
3778,20.12925148010254
3779,18.25578498840332
3780,18.471445083618164
3781,21.656667709350586
3782,18.04434585571289
3783,16.142520904541016
3784,16.260583877563477
3785,19.45033836364746
3786,12.421330451965332
3787,15.495351791381836
3788,17.402484893798828
3789,42.123573303222656
3790,17.398649215698242
3791,16.284950256347656
3792,33.3498420715332
3793,16.732316970825195
3794,11.543220520019531
3795,18.57918930053711
3796,22.0881404876709
3797,14.934725761413574
3798,19.064491271972656
3799,8.192275047302246
3800,13.64531421661377
3801,48.52156448364258
3802,19.017906188964844
3803,50.010902404785156
3804,33.629573822021484
3805,13.824894905090332
3806,24.44117546081543
3807,36.5318489074707
3808,42.388004302978516
3809,13.493450164794922
3810,23.002273559570312
3811,24.243993759155273
3812,15.456560134887695
3813,40.876625061035156
3814,22.019981384277344
3815,25.673837661743164
3816,14.107953071594238
3817,19.576269149780273
3818,31.952882766723633
3819,23.347667694091797
3820,15.106239318847656
3821,32.303306579589844
3822,15.363672256469727
3823,12.790745735168457
3824,57.001094818115234
3825,45.37024688720703
3826,8.925505638122559
3827,18.436492919921875
3828,30.253671646118164
3829,23.045896530151367
3830,25.69268035888672
3831,22.798913955688477
3832,29.38886260986328
3833,19.513996124267578
3834,39.606117248535156
3835,27.766551971435547
3836,31.743450164794922
3837,31.349546432495117
3838,11.893317222595215
3839,48.42060089111328
3840,32.08035659790039
3841,18.10433006286621
3842,26.132076263427734
3843,18.093027114868164
3844,23.642831802368164
3845,18.19661521911621
3846,16.06658935546875
3847,34.22700500488281
3848,46.25248336791992
3849,14.271585464477539
3850,46.648170471191406
3851,15.902506828308105
3852,18.764902114868164
3853,21.322744369506836
3854,25.571962356567383
3855,19.975791931152344
3856,10.36141586303711
3857,22.350187301635742
3858,21.29961585998535
3859,24.42331314086914
3860,14.94582748413086
3861,16.999799728393555
3862,17.910001754760742
3863,20.74371910095215
3864,19.25023078918457
3865,20.162006378173828
3866,33.27809524536133
3867,8.002898216247559
3868,10.373044967651367
3869,32.88166046142578
3870,24.04944610595703
3871,9.267900466918945
3872,10.39578628540039
3873,21.52806854248047
3874,31.526636123657227
3875,13.98907470703125
3876,15.7659330368042
3877,22.786392211914062
3878,11.169695854187012
3879,9.713994026184082
3880,31.059537887573242
3881,23.339933395385742
3882,18.611042022705078
3883,24.098569869995117
3884,24.091672897338867
3885,18.66236114501953
3886,16.931074142456055
3887,22.673425674438477
3888,23.474946975708008
3889,20.99703025817871
3890,41.02577209472656
3891,15.477584838867188
3892,25.05666732788086
3893,14.810935020446777
3894,13.978060722351074
3895,21.115772247314453
3896,22.937179565429688
3897,22.114227294921875
3898,17.781200408935547
3899,19.666568756103516
3900,21.148698806762695
3901,17.57038116455078
3902,0.0
3903,15.542878150939941
3904,15.209979057312012
3905,20.018875122070312
3906,22.144126892089844
3907,18.438793182373047
3908,15.098475456237793
3909,16.955495834350586
3910,4.731378078460693
3911,17.652637481689453
3912,19.408447265625
3913,16.135847091674805
3914,25.334447860717773
3915,8.792574882507324
3916,13.802180290222168
3917,7.492921829223633
3918,15.0931396484375
3919,16.95781135559082
3920,16.12335968017578
3921,14.09366226196289
3922,21.69744300842285
3923,11.204447746276855
3924,14.725131034851074
3925,23.072437286376953
3926,25.415857315063477
3927,17.359777450561523
3928,16.1719970703125
3929,53.10945129394531
3930,6.418639659881592
3931,15.063172340393066
3932,16.80077362060547
3933,17.7330265045166
3934,10.053926467895508
3935,11.941460609436035
3936,19.37555503845215
3937,22.75335121154785
3938,13.92850399017334
3939,10.80393123626709
3940,6.992932319641113
3941,21.9469051361084
3942,27.826250076293945
3943,15.825623512268066
3944,14.07062816619873
3945,16.72237777709961
3946,15.045281410217285
3947,20.355119705200195
3948,19.475419998168945
3949,18.461816787719727
3950,21.868450164794922
3951,20.93837547302246
3952,22.966766357421875
3953,20.89065170288086
3954,12.014450073242188
3955,14.715752601623535
3956,23.340974807739258
3957,16.981760025024414
3958,26.584854125976562
3959,17.13492774963379
3960,11.751240730285645
3961,1.1831855773925781
3962,1.1950740814208984
3963,3.9936609268188477
3964,4.822990417480469
3965,2.094111919403076
3966,0.0
3967,2.1553337574005127
3968,15.104399681091309
3969,34.14146423339844
3970,0.0
3971,0.0
3972,0.0
3973,0.6234689354896545
3974,12.13731575012207
3975,8.630304336547852
3976,0.649268627166748
3977,26.881948471069336
3978,1.444035530090332
3979,0.5560969710350037
3980,0.0
3981,0.9949174523353577
3982,4.723437309265137
3983,2.054194927215576
3984,43.238563537597656
3985,2.157650947570801
3986,13.538534164428711
3987,0.0
3988,1.4876422882080078
3989,1.3988467454910278
3990,0.0
3991,1.6497488021850586
3992,0.3987639546394348
3993,2.2566256523132324
3994,2.2033438682556152
3995,2.314392566680908
3996,1.0529485940933228
3997,1.0067957639694214
3998,0.8905636668205261
3999,4.067104816436768
4000,0.1952768713235855
4001,0.0
4002,1.543406367301941
4003,0.09768886864185333
4004,0.10461001098155975
4005,0.20049382746219635
4006,0.0
4007,3.6144330501556396
4008,0.573542058467865
4009,1.5212514400482178
4010,0.0
4011,0.0
4012,30.581584930419922
4013,7.432070732116699
4014,0.0
4015,0.0
4016,0.39569568634033203
4017,0.0
4018,1.1860154867172241
4019,4.625817775726318
4020,14.74063491821289
4021,9.28588581085205
4022,10.795604705810547
4023,0.0
4024,6.514952182769775
4025,39.51288986206055
4026,0.0
4027,4.308921813964844
4028,0.0
4029,0.032357022166252136
4030,0.3774526119232178
4031,15.48720645904541
4032,1.1423530578613281
4033,0.0
4034,0.0
4035,3.894162178039551
4036,6.339856147766113
4037,3.8005614280700684
4038,2.2646896839141846
4039,16.98092269897461
4040,59.720027923583984
4041,23.75063133239746
4042,2.5206193923950195
4043,9.554952621459961
4044,2.6244561672210693
4045,0.0
4046,1.8403053283691406
4047,4.076567649841309
4048,10.558294296264648
4049,1.8926377296447754
4050,0.27445608377456665
4051,2.086364269256592
4052,2.977175235748291
4053,24.958126068115234
4054,10.131224632263184
4055,7.862280368804932
4056,2.2539985179901123
4057,2.5706894397735596
4058,9.687652587890625
4059,5.17999267578125
4060,25.93911361694336
4061,30.711122512817383
4062,5.868773460388184
4063,3.6763336658477783
4064,2.4230315685272217
4065,7.944447994232178
4066,4.415674209594727
4067,3.629101276397705
4068,0.0
4069,1.9984681606292725
4070,8.183696746826172
4071,3.147595167160034
4072,4.490809917449951
4073,24.064369201660156
4074,0.0
4075,0.0
4076,0.0
4077,0.0
4078,5.556758403778076
4079,2.1710736751556396
4080,6.119447231292725
4081,8.906529426574707
4082,13.742218971252441
4083,5.013672351837158
4084,6.53566837310791
4085,1.6525046825408936
4086,0.0
4087,0.8502354025840759
4088,0.19697974622249603
4089,4.098486423492432
4090,1.1669765710830688
4091,0.0
4092,0.8102901577949524
4093,2.440413475036621
4094,2.5599164962768555
4095,2.6785964965820312
4096,1.2545785903930664
4097,0.9555500149726868
4098,0.0
4099,0.0
4100,0.46914178133010864
4101,0.5910797715187073
4102,0.0
4103,0.0
4104,0.0
4105,0.5636504292488098
4106,0.12197689712047577
4107,0.0
4108,0.0
4109,0.0
4110,0.05878309905529022
4111,0.0
4112,0.4441238045692444
4113,1.3015837669372559
4114,0.41014236211776733
4115,0.0
4116,0.0
4117,0.0
4118,0.0
4119,0.08529047667980194
4120,0.0
4121,0.0
4122,0.0
4123,0.41158491373062134
4124,0.9208315014839172
4125,0.0
4126,0.0
4127,0.570857584476471
4128,0.2132606953382492
4129,0.0
4130,0.49906641244888306
4131,0.17283998429775238
4132,0.0
4133,0.0
4134,0.12823204696178436
4135,0.0
4136,0.0
4137,1.3953533172607422
4138,0.0
4139,0.0
4140,0.0
4141,0.0
4142,0.0
4143,0.0
4144,0.0
4145,0.0
4146,0.0
4147,0.39203959703445435
4148,0.0
4149,0.0
4150,0.0
4151,0.0
4152,0.0
4153,2.677791118621826
4154,0.0
4155,0.0
4156,0.0
4157,0.0
4158,0.0
4159,0.0
4160,0.0
4161,0.0
4162,0.0
4163,0.0
4164,0.0
4165,1.2246956825256348
4166,0.0
4167,0.0
4168,0.06787283718585968
4169,0.0
4170,0.0
4171,0.06446008384227753
4172,0.0
4173,1.3489220142364502
4174,0.0
4175,2.8525052070617676
4176,0.9429208636283875
4177,0.40525954961776733
4178,0.0
4179,0.010005399584770203
4180,0.0
4181,2.8682615756988525
4182,3.2664082050323486
4183,0.0
4184,2.4195854663848877
4185,0.0
4186,6.533647537231445
4187,0.0
4188,2.3221375942230225
4189,0.0
4190,0.0
4191,0.0
4192,0.0
4193,4.534003257751465
4194,4.120544910430908
4195,1.3161181211471558
4196,0.7275893092155457
4197,0.0
4198,0.0
4199,0.47904473543167114
4200,0.0
4201,0.2049146145582199
4202,0.0
4203,0.7190471291542053
4204,2.9219579696655273
4205,0.4970851540565491
4206,0.7588091492652893
4207,7.426115036010742
4208,0.0
4209,0.5379679799079895
4210,0.0
4211,0.0
4212,0.9404458403587341
4213,5.986765384674072
4214,4.250460624694824
4215,0.0
4216,1.026027798652649
4217,0.0
4218,0.902609646320343
4219,3.671795606613159
4220,0.0
4221,0.0
4222,0.0
4223,0.6041569113731384
4224,1.475703477859497
4225,0.18032555282115936
4226,0.0
4227,4.25674295425415
4228,2.3773369789123535
4229,0.0
4230,1.992159366607666
4231,0.0
4232,8.852901458740234
4233,0.3054357171058655
4234,0.8540714383125305
4235,5.0808305740356445
4236,0.0
4237,0.0
4238,6.547766208648682
4239,0.35474467277526855
4240,0.0
4241,0.040620848536491394
4242,0.15992502868175507
4243,1.3108025789260864
4244,18.94537353515625
4245,9.456342697143555
4246,0.0
4247,0.0
4248,0.0
4249,0.0
4250,2.2595901489257812
4251,0.0
4252,0.4924134612083435
4253,2.5247514247894287
4254,0.0
4255,0.0
4256,0.8549380898475647
4257,0.0
4258,21.272220611572266
4259,10.889250755310059
4260,3.3080358505249023
4261,0.0
4262,6.736175537109375
4263,0.0
4264,3.9713492393493652
4265,1.5189563035964966
4266,0.0732538253068924
4267,0.0
4268,1.85068941116333
4269,0.1916065663099289
4270,1.2851910591125488
4271,0.0
4272,0.0
4273,7.056612491607666
4274,0.0
4275,0.0
4276,0.0
4277,1.3895807266235352
4278,5.688631534576416
4279,7.507120609283447
4280,1.6202479600906372
4281,4.009749412536621
4282,0.0
4283,1.006217122077942
4284,4.066308498382568
4285,15.168103218078613
4286,20.152986526489258
4287,0.4631766676902771
4288,0.6387899518013
4289,1.5783021450042725
4290,7.50764274597168
4291,44.61819076538086
4292,0.9850464463233948
4293,3.9018969535827637
4294,2.9067587852478027
4295,5.7700018882751465
4296,7.240047454833984
4297,1.4083939790725708
4298,1.1033713817596436
4299,1.2179930210113525
4300,0.15647797286510468
4301,6.698241233825684
4302,3.554885149002075
4303,15.401548385620117
4304,20.576265335083008
4305,2.0341296195983887
4306,10.339308738708496
4307,12.493559837341309
4308,42.94377517700195
4309,0.43811851739883423
4310,3.071969509124756
4311,9.344022750854492
4312,0.0
4313,2.371556282043457
4314,22.17408561706543
4315,0.13196615874767303
4316,0.08141081035137177
4317,2.777998447418213
4318,2.212639331817627
4319,0.0
4320,7.762970447540283
4321,2.966620922088623
4322,5.8099236488342285
4323,33.783687591552734
4324,8.503459930419922
4325,3.190354585647583
4326,0.0
4327,0.0
4328,0.9427570700645447
4329,2.864670991897583
4330,13.6488618850708
4331,13.838315963745117
4332,7.02171516418457
4333,0.0
4334,5.199090480804443
4335,3.9793925285339355
4336,8.535357475280762
4337,2.8866844177246094
4338,37.98945236206055
4339,0.0
4340,1.8972408771514893
4341,0.0
4342,17.094968795776367
4343,0.0
4344,0.0
4345,11.46264362335205
4346,0.0
4347,1.6259797811508179
4348,3.3721466064453125
4349,5.686898231506348
4350,2.1903321743011475
4351,0.0
4352,21.887662887573242
4353,44.2976188659668
4354,11.866521835327148
4355,0.0
4356,0.0
4357,0.0
4358,19.262088775634766
4359,3.311182737350464
4360,0.0
4361,0.0
4362,0.18375460803508759
4363,0.0
4364,0.0
4365,5.620842933654785
4366,2.6780900955200195
4367,0.0
4368,5.232751369476318
4369,15.211776733398438
4370,1.2060116529464722
4371,24.61890411376953
4372,28.41362190246582
4373,9.750081062316895
4374,0.0
4375,0.0
4376,48.18363571166992
4377,16.858747482299805
4378,0.0
4379,2.2909255027770996
4380,0.20610462129116058
4381,0.8158795237541199
4382,0.7798250317573547
4383,0.03388671576976776
4384,0.016141340136528015
4385,0.0
4386,1.7080448865890503
4387,49.8289909362793
4388,22.812320709228516
4389,0.0
4390,3.3341479301452637
4391,0.5132368206977844
4392,0.0
4393,46.45828628540039
4394,5.499921798706055
4395,0.083468958735466
4396,2.150068759918213
4397,0.4066672921180725
4398,3.2437708377838135
4399,2.003082275390625
4400,4.266099452972412
4401,1.654405117034912
4402,3.7072548866271973
4403,0.8997235894203186
4404,0.0
4405,0.19210632145404816
4406,3.907064914703369
4407,1.5856608152389526
4408,1.2366875410079956
4409,1.8801393508911133
4410,2.466597318649292
4411,1.0324897766113281
4412,2.015566349029541
4413,0.35902315378189087
4414,2.1824100017547607
4415,2.066030740737915
4416,6.625254154205322
4417,5.098795413970947
4418,1.9345285892486572
4419,0.9498632550239563
4420,0.9384934306144714
4421,0.0
4422,0.0
4423,0.0
4424,0.0
4425,5.040317535400391
4426,15.611698150634766
4427,3.8705930709838867
4428,6.3637919425964355
4429,5.716540813446045
4430,3.335721731185913
4431,8.798651695251465
4432,0.0
4433,17.457138061523438
4434,14.477643013000488
4435,15.30467414855957
4436,14.40079402923584
4437,1.999222993850708
4438,1.371294617652893
4439,7.654143333435059
4440,0.7347108721733093
4441,30.44966697692871
4442,48.28982162475586
4443,0.0
4444,0.0
4445,0.0
4446,0.0
4447,0.0
4448,0.0
4449,0.8300873637199402
4450,0.0
4451,0.0
4452,0.0
4453,0.30367451906204224
4454,0.20365969836711884
4455,0.0
4456,5.872482776641846
4457,4.712375164031982
4458,0.0
4459,0.0
4460,1.174980878829956
4461,0.33483678102493286
4462,0.0
4463,0.0
4464,5.825611591339111
4465,1.5267550945281982
4466,0.5880396962165833
4467,4.069836139678955
4468,0.19712208211421967
4469,0.0
4470,0.0
4471,0.0
4472,0.0
4473,0.0
4474,0.0
4475,0.0
4476,0.43730098009109497
4477,0.0
4478,4.328306198120117
4479,2.7973334789276123
4480,4.105004787445068
4481,1.7012481689453125
4482,0.3888396620750427
4483,0.5463023781776428
4484,9.302848815917969
4485,1.51543128490448
4486,0.0
4487,0.0
4488,0.28427308797836304
4489,3.3400931358337402
4490,0.0
4491,0.010865196585655212
4492,0.0
4493,0.4921765923500061
4494,0.8023270964622498
4495,1.2668585777282715
4496,7.9040961265563965
4497,0.0
4498,1.8551418781280518
4499,0.2197919338941574
4500,1.8101987838745117
4501,0.0
4502,0.2687682509422302
4503,0.0
4504,0.0
4505,0.49071699380874634
4506,0.24256668984889984
4507,0.0
4508,0.0
4509,0.42565691471099854
4510,0.18289761245250702
4511,1.328749418258667
4512,0.43489986658096313
4513,0.0
4514,1.0932317972183228
4515,0.5648960471153259
4516,0.5769515633583069
4517,0.7490707635879517
4518,0.7652094960212708
4519,1.1281931400299072
4520,1.275455117225647
4521,0.9466429352760315
4522,6.0340166091918945
4523,0.0
4524,0.8905420899391174
4525,0.0
4526,0.0
4527,0.0
4528,1.3945376873016357
4529,0.3197541832923889
4530,0.0
4531,0.5993883013725281
4532,0.0
4533,0.0
4534,0.0
4535,0.0
4536,0.0
4537,0.0
4538,0.0
4539,0.0
4540,0.0
4541,0.0
4542,4.4726738929748535
4543,0.0
4544,0.0
4545,0.0
4546,0.0
4547,1.7165796756744385
4548,0.7829861044883728
4549,0.5438330173492432
4550,2.627891778945923
4551,0.0
4552,0.01803557574748993
4553,0.09938840568065643
4554,0.0
4555,0.0
4556,0.0
4557,0.662466824054718
4558,0.46557170152664185
4559,0.0
4560,0.0
4561,0.14844278991222382
4562,0.8388124108314514
4563,0.0
4564,0.3294166922569275
4565,1.3883180618286133
4566,0.0
4567,0.0
4568,0.0
4569,0.5816289186477661
4570,0.6045456528663635
4571,1.1225577592849731
4572,1.5589605569839478
4573,0.163040891289711
4574,0.16242830455303192
4575,0.12949196994304657
4576,0.06579212844371796
4577,2.679556131362915
4578,2.5026493072509766
4579,0.0
4580,0.21478800475597382
4581,0.0
4582,0.0
4583,0.4131966233253479
4584,0.057137712836265564
4585,0.0
4586,0.0
4587,0.0
4588,0.0
4589,0.20941932499408722
4590,2.7868449687957764
4591,0.34040504693984985
4592,1.0537880659103394
4593,0.0
4594,0.049404487013816833
4595,0.29479968547821045
4596,0.34669798612594604
4597,0.9982396960258484
4598,0.10496564209461212
4599,0.7230272889137268
4600,1.2405444383621216
4601,0.0
4602,0.0
4603,0.0
4604,0.005202934145927429
4605,1.5472866296768188
4606,2.0871219635009766
4607,0.5164891481399536
4608,0.0
4609,0.0
4610,0.5612930655479431
4611,0.0
4612,0.0
4613,0.46804875135421753
4614,0.9866421818733215
4615,1.362896203994751
4616,1.1950055360794067
4617,0.6193409562110901
4618,0.0
4619,0.6785116195678711
4620,0.030058667063713074
4621,0.292885422706604
4622,0.1856408268213272
4623,0.6316196918487549
4624,0.0
4625,1.1090447902679443
4626,2.080030918121338
4627,1.0814553499221802
4628,0.0
4629,0.0
4630,1.2965350151062012
4631,0.0
4632,1.034277081489563
4633,0.0
4634,0.0
4635,0.0
4636,0.5939777493476868
4637,0.0
4638,0.0
4639,0.3423483371734619
4640,0.6360660195350647
4641,0.4215283989906311
4642,0.0
4643,0.5834301710128784
4644,0.0
4645,0.5217907428741455
4646,0.0
4647,0.0
4648,0.5237382650375366
4649,0.0
4650,0.0
4651,0.2108195275068283
4652,0.0
4653,0.6404829025268555
4654,0.25242167711257935
4655,1.6228132247924805
4656,1.2535319328308105
4657,0.0
4658,0.14036314189434052
4659,0.5161814093589783
4660,0.0
4661,1.7785146236419678
4662,0.0
4663,0.3134981393814087
4664,0.34668880701065063
4665,0.7763935923576355
4666,0.432791531085968
4667,0.0
4668,1.0009909868240356
4669,0.0
4670,0.42772799730300903
4671,1.584664225578308
4672,0.6359007954597473
4673,0.4579359292984009
4674,0.6608173251152039
4675,0.2667672634124756
4676,0.773036777973175
4677,0.2145024985074997
4678,0.6870334148406982
4679,0.7296026945114136
4680,0.4757533073425293
4681,0.5723385214805603
4682,0.5463324785232544
4683,1.1391278505325317
4684,0.0
4685,0.0
4686,1.5279699563980103
4687,1.1003656387329102
4688,0.6475849747657776
4689,0.0
4690,0.6563594937324524
4691,2.4782907962799072
4692,2.3732943534851074
4693,0.5757622718811035
4694,1.8044414520263672
4695,0.47732168436050415
4696,0.0
4697,0.0
4698,0.5290213823318481
4699,0.0
4700,0.6846756935119629
4701,0.0
4702,0.0
4703,0.0
4704,0.86190265417099
4705,0.0
4706,0.4585217833518982
4707,0.9990819096565247
4708,0.7064480781555176
4709,0.29529738426208496
4710,0.0
4711,0.3663540482521057
4712,0.0
4713,0.0
4714,0.0
4715,0.0
4716,0.0
4717,0.0
4718,1.3703479766845703
4719,0.0
4720,0.0
4721,1.1626338958740234
4722,2.061175584793091
4723,0.490078330039978
4724,0.0
4725,2.0746538639068604
4726,1.525662899017334
4727,0.42306816577911377
4728,0.706233561038971
4729,0.0
4730,0.0
4731,0.05229093134403229
4732,0.653835117816925
4733,0.0
4734,0.0
4735,0.43430095911026
4736,1.003084659576416
4737,1.137785792350769
4738,0.0
4739,0.0203716903924942
4740,0.005428925156593323
4741,0.0
4742,0.0
4743,0.0
4744,0.4396336078643799
4745,1.132422685623169
4746,0.49074631929397583
4747,0.9027770161628723
4748,0.6529428362846375
4749,0.5511969923973083
4750,0.0
4751,0.015167996287345886
4752,0.5853548049926758
4753,0.7825154662132263
4754,0.403872549533844
4755,0.0
4756,1.5162529945373535
4757,0.31890541315078735
4758,0.0
4759,1.363531231880188
4760,0.6265059113502502
4761,1.0864911079406738
4762,0.0
4763,0.0
4764,1.8206255435943604
4765,0.0
4766,1.6269696950912476
4767,0.09073568880558014
4768,0.1351267248392105
4769,0.0
4770,0.0
4771,1.3055819272994995
4772,0.3264925479888916
4773,2.960970878601074
4774,0.4114699959754944
4775,0.0
4776,0.8623653054237366
4777,1.5119119882583618
4778,0.0
4779,0.0
4780,0.39161819219589233
4781,0.8497077822685242
4782,0.9786121249198914
4783,0.6081921458244324
4784,0.0
4785,0.0
4786,0.8110294938087463
4787,0.0
4788,0.0
4789,0.0
4790,0.0
4791,0.0
4792,0.0
4793,0.0
4794,0.0
4795,0.0
4796,0.0
4797,0.0
4798,0.17603807151317596
4799,0.5862472057342529
4800,0.27593284845352173
4801,0.0
4802,0.0
4803,0.0
4804,0.0
4805,0.0
4806,0.0
4807,0.0
4808,0.0
4809,0.0
4810,3.7170960903167725
4811,0.0
4812,0.0
4813,0.0
4814,0.0
4815,0.0
4816,0.0
4817,1.014115333557129
4818,0.0
4819,2.690171241760254
4820,1.3785899877548218
4821,0.0
4822,0.0
4823,0.0
4824,0.0
4825,0.0
4826,0.0
4827,0.0
4828,0.023316845297813416
4829,0.0
4830,0.0
4831,0.0
4832,0.0
4833,0.2836354374885559
4834,0.03519533574581146
4835,0.0
4836,0.0
4837,0.0
4838,0.0
4839,1.359436273574829
4840,0.0
4841,0.0
4842,0.6956314444541931
4843,1.4675133228302002
4844,0.029263988137245178
4845,9.230779647827148
4846,0.0
4847,0.40975791215896606
4848,0.0013128966093063354
4849,0.0
4850,1.0506364107131958
4851,0.0
4852,1.356215476989746
4853,0.0
4854,0.0
4855,0.3393978476524353
4856,0.6819573640823364
4857,0.4970346689224243
4858,1.066750407218933
4859,0.0
4860,0.3178345561027527
4861,5.790410995483398
4862,6.188683032989502
4863,0.9339384436607361
4864,0.13699407875537872
4865,0.0
4866,0.0
4867,2.20987606048584
4868,0.7343552112579346
4869,0.0
4870,0.0
4871,0.0
4872,0.9446638226509094
4873,0.0
4874,3.3482282161712646
4875,0.0
4876,1.8362717628479004
4877,0.7116180658340454
4878,1.8109550476074219
4879,0.0
4880,0.0
4881,0.0
4882,2.036076784133911
4883,0.0
4884,0.0
4885,0.0
4886,0.16492752730846405
4887,0.0
4888,3.251469135284424
4889,3.540081262588501
4890,1.815528392791748
4891,1.189933180809021
4892,0.0
4893,0.23212818801403046
4894,0.6799144744873047
4895,0.0
4896,0.9609313607215881
4897,1.4090170860290527
4898,1.2831782102584839
4899,1.395226001739502
4900,0.5942424535751343
4901,0.9897163510322571
4902,0.0
4903,0.0
4904,0.0
4905,2.1145718097686768
4906,2.8511319160461426
4907,0.04156427085399628
4908,0.6285516619682312
4909,0.55463045835495
4910,0.0
4911,4.122620105743408
4912,1.277127742767334
4913,0.06483505666255951
4914,0.0
4915,0.8930725455284119
4916,0.35286539793014526
4917,0.16478048264980316
4918,0.3102995753288269
4919,0.24325187504291534
4920,0.0
4921,0.0
4922,0.0
4923,1.1035617589950562
4924,1.8811252117156982
4925,0.9977820515632629
4926,0.3387301564216614
4927,0.0
4928,0.8180016875267029
4929,0.7132441997528076
4930,0.64015132188797
4931,0.574056088924408
4932,0.0
4933,0.0
4934,0.4926096200942993
4935,0.0
4936,0.0
4937,0.06513343751430511
4938,0.6837875843048096
4939,0.6517530083656311
4940,0.31867629289627075
4941,1.1940977573394775
4942,0.0
4943,0.0
4944,0.0414004772901535
4945,0.0
4946,0.0
4947,0.0
4948,0.0
4949,0.16456718742847443
4950,2.7085163593292236
4951,0.12403188645839691
4952,0.0
4953,0.0
4954,0.0
4955,0.0
4956,0.0
4957,0.0
4958,0.0
4959,0.0
4960,0.6555591225624084
4961,0.004471868276596069
4962,0.0
4963,0.0
4964,0.0
4965,3.022472858428955
4966,0.0
4967,0.0
4968,0.1491589993238449
4969,0.17254380881786346
4970,0.9771150946617126
4971,1.5803219079971313
